establishment_name,category,system_of_medicine,address,district,certificate_number,certificate_validity,page_number,source,scraped_at
DR HABIB KHAN,Clinic/Polyclinic Only Consultation,Allopathy,"1ST FLOOR, SHUBHA KRISHNA BUILDING, HIGHLANDS, MANGALORE",MANGALORE,DKA00409ALCOC,28 Mar 2026,1,KPME Karnataka Portal,2026-01-19T09:49:19.303780
SUMA CLINIC,Clinic/Polyclinic Only Consultation,Homeopathy,SINDAGI NAKA ALLAPUR AREA VIJAYAPUR,,BIJ00223HOCOC,31 Jul 2026,1,KPME Karnataka Portal,2026-01-19T09:49:19.394760
Vedant Clinic,Clinic/Polyclinic Only Consultation,Ayurveda,Jijamata,,BLG00020AYCOC,16 Sep 2025,1,KPME Karnataka Portal,2026-01-19T09:49:19.488266
Danagouda Children Hospital,Hospital (Level 1B),Allopathy,"Danagouda Children Hospital, Ground floor, Jyothi urban society, Near Lingaraj circle, Saundatti",,BLG00042ALH1B,10 Nov 2025,1,KPME Karnataka Portal,2026-01-19T09:49:19.569681
ORTHO CLINIC,Clinic/Polyclinic with Diagnostic Support,Allopathy,"DHIRAJ COMPLEX,BEHIND SURATHKAL NEW BUS STAND MANGALORE",MANGALORE,DKA03159ALCDS,04 Nov 2030,1,KPME Karnataka Portal,2026-01-19T09:49:19.657316
Khushi Eye Clinic,Clinic/Polyclinic Only Consultation,Allopathy,"Sooryaprabha Building, Bolwar",,DKA01000ALCOC,22 May 2027,1,KPME Karnataka Portal,2026-01-19T09:49:19.749464
Patil Hospital,AYUSH Therapy Centre,Ayurveda,"Infront of Sanjay Gandhi English Medium School, Vikrampur. Athani",,BLG00250AYATC,19 Mar 2026,1,KPME Karnataka Portal,2026-01-19T09:49:19.837889
Shankar Clinic,Clinic/Polyclinic Only Consultation,Allopathy,No. 326 3rd Main 7th Cross Srinivasanagar BSK 1st Stage Bangalore,BANGALORE,BLU06656ALCOC,01 Feb 2029,1,KPME Karnataka Portal,2026-01-19T09:49:19.926996
Sanjeevini Homoeo Clinic,Clinic/Polyclinic Only Consultation,Homeopathy,Bhu Swarg Nivas Building Laxmi Talkies Road Dharwad,DHARWAD,DWR00047HOCOC,28 Sep 2025,1,KPME Karnataka Portal,2026-01-19T09:49:20.007084
SHRI BHAGYAVANTI CLINIC KEMBHAVI,Clinic/Polyclinic Only Consultation,Ayurveda,SANJIV NAGAR KEMBHAVI PIN 585216,,YDR00121AYCOC,22 Sep 2026,1,KPME Karnataka Portal,2026-01-19T09:49:20.076496
DR SHAM BHAT CLINIC,Clinic/Polyclinic Only Consultation,Ayurveda,VNR SWARNA SOWDA BANTWAL,,DKA00158AYCOC,20 Nov 2025,1,KPME Karnataka Portal,2026-01-19T09:49:20.160621
ARPITHA CLINIC,Clinic/Polyclinic Only Consultation,Ayurveda,"ANJANEYA TEMPLE STREET, KONANURU, KONANURU HOBALI",,HSN00076AYCOC,17 Oct 2026,1,KPME Karnataka Portal,2026-01-19T09:49:20.207811
Shri Nagendra Clinic,Clinic/Polyclinic Only Consultation,Ayurveda,At/Post Pete Oni Herebagewadi Tq Belagavi Dist Belagavi,BELAGAVI,BLG00115AYCOC,07 Feb 2026,1,KPME Karnataka Portal,2026-01-19T09:49:20.263721
LIVMAX,Clinic/Polyclinic Only Consultation,Allopathy,"MIG-4, NEW KANTHARAJU URS ROAD, NEAR VIJAYA BANK CIRCLE, KUVEMPUNAGAR, MYSORE - 570023",MYSORE,MYS00276ALCOC,28 Dec 2026,1,KPME Karnataka Portal,2026-01-19T09:49:20.295373
Shri Shivashakti Clinic,Clinic/Polyclinic Only Consultation,Ayurveda,Ghatol Galli Sulebhavi,,BLG00111AYCOC,07 Feb 2026,1,KPME Karnataka Portal,2026-01-19T09:49:20.323298
JYOTHIRVAIDYA HOMOEO CLINIC,Clinic/Polyclinic with Dispensary,Homeopathy,SHRINIDHI COMPLEX NELLYADY,,DKA00171HOCWD,21 Dec 2025,1,KPME Karnataka Portal,2026-01-19T09:49:20.351849
EASTERN HEALTH CARE,Clinic/Polyclinic Only Consultation,Allopathy,"No. 11/3 Amoris Building, 2nd Floor, Opposite to Borewell Road Whitefield Main Road, Whitefield, Bengaluru 560066.",BENGALURU,BLU00873ALCOC,27 Oct 2025,1,KPME Karnataka Portal,2026-01-19T09:49:20.432248
MITHRA HI TECH DIAGNOSTIC CENTER,Medical Diagnostic Laboratory,Allopathy,"#360/2, 4TH MAIN, 9TH CROSS, BESIDE VISHWESHWARAIAH PARK, P.J.EXTENTION, DAVANAGERE",DAVANAGERE,DVG00180ALMDL,15 Feb 2026,1,KPME Karnataka Portal,2026-01-19T09:49:20.515246
SHRI SAPTAGIRI CLINIC,Clinic/Polyclinic Only Consultation,Ayurveda,"#216, Kotilinga Nagar, Behind 2nd KSRTC Depot, Gokul Road, Hubballi.",,DWR00255AYCOC,25 Apr 2026,1,KPME Karnataka Portal,2026-01-19T09:49:20.572336
ZAIN HOMOEO SKIN CLINIC,Clinic/Polyclinic Only Consultation,Homeopathy,"#33, UKT Hills, Devargudihal Road, Old Hubli, Hubballi.",HUBLI,DWR00131HOCOC,26 Nov 2025,1,KPME Karnataka Portal,2026-01-19T09:49:20.637453
SRI RAGHAVENDRA ENDOCRINE SUPER SPECIALITY CENTRE,Clinic/Polyclinic with Diagnostic Support,Allopathy,"#4747, Ganesha Temple Road, N.R.Mohalla.",,MYS00708ALCDS,01 Nov 2027,1,KPME Karnataka Portal,2026-01-19T09:49:20.720031
LAKSHMI DIAGNOSTICS,Clinic/Polyclinic with Diagnostic Support,Allopathy,"#293/298, 1ST FLOOR, RYTHARA SANGHA BUILDING ABOVE RSSSN BANK, OPP GOVT HOSPITAL, YELAHANKA OLD TOWN, GANDHINAGAR, BANGALORE -560064.",BANGALORE,BLU12365ALCDS,22 Oct 2030,1,KPME Karnataka Portal,2026-01-19T09:49:20.807239
RAGHAVENDRA POLY CLINIC,Clinic/Polyclinic Only Consultation,Homeopathy,"No.28/1, 5th Main Road, Agrahara Dasarahalli, Bangalore",BANGALORE,BLU01414HOCOC,27 Jan 2026,1,KPME Karnataka Portal,2026-01-19T09:49:20.887266
CHINCHOLI HEART CENTRE,Clinic/Polyclinic Only Consultation,Allopathy,"OPP NAV BHARAT STEEL, BEHIND AVINASH PETROL PUMP, NEHRU GUNJ, KALABURAGI-585104",KALABURAGI,GLB00058ALCOC,01 Dec 2025,1,KPME Karnataka Portal,2026-01-19T09:49:20.961300
M/s. Sumedha Polyclinic & Diabetes Care,Clinic/Polyclinic Only Consultation,Allopathy,"No-37 Panchavathi, Panduranga Layout behind blue Hyundai service center, hesaragatta Road, bhuvaneshwarinagar, T Dasarahalli, Bengaluru -560057",BENGALURU,BLU12654ALCOC,17 Nov 2030,1,KPME Karnataka Portal,2026-01-19T09:49:21.027642
AVANTI CLINIC,Clinic/Polyclinic Only Consultation,Ayurveda,"# 228, KRISHNAPPA NILAYA, OPP PARIWAR PLACE APARTMENT, DEVARACHIKKANAHALLI, B.G ROAD, BANGALORE-560076",BANGALORE,BLU01162AYCOC,20 Nov 2025,1,KPME Karnataka Portal,2026-01-19T09:49:21.106602
M /S GENIUS HEALTH CARE,Clinic/Polyclinic Only Consultation,Homeopathy,1565-3-B-2 DHAMANEKAR BUILDING PARISWAD CROSS,,BLG00186HOCOC,28 Feb 2026,1,KPME Karnataka Portal,2026-01-19T09:49:21.172854
CHIRAAG DIAGNOSTICS,Clinic/Polyclinic Only Consultation,Allopathy,"Ground floor, R.K plaza 3543/2668/4 Giriyamma circle, Devanhalli taluk",,BLR00112ALCOC,31 Dec 2026,1,KPME Karnataka Portal,2026-01-19T09:49:21.240438
Shreshta Homeocare,Clinic/Polyclinic with Dispensary,Homeopathy,"First floor,Shri Krishna Arcade,Kinnigoli Main Road, Mangalore",MANGALORE,DKA01044HOCWD,12 Jun 2027,1,KPME Karnataka Portal,2026-01-19T09:49:21.323017
Cardolite Specialty Chemicals India LLP,Clinic/Polyclinic with Observation,Allopathy,"Mangalore Special Economic Zone, Paila, Bajpe Village and Post, Mangalore.",MANGALORE,DKA00429ALCWO,09 May 2026,1,KPME Karnataka Portal,2026-01-19T09:49:21.411361
My Life Medical Center,Clinic/Polyclinic with Diagnostic Support,Allopathy,"Oberle Tower, Basement / 1st Floor, Balmatta Road, Mangalore",MANGALORE,DKA00262ALCDS,26 Jan 2026,1,KPME Karnataka Portal,2026-01-19T09:49:21.488933
ADR HEALTHCARE CENTER,Clinic/Polyclinic with Diagnostic Support,Allopathy,"JAYAMMA BUILDING, 4TH CROSS, JAYANAGARA",,SMG00087ALCDS,23 Nov 2026,1,KPME Karnataka Portal,2026-01-19T09:49:21.579222
Hemavathi polyclinic and scan center,Clinic/Polyclinic with Diagnostic Support,Allopathy,"Hemavathi polyclinic and scan center,next to nandha medicals,opposite anjaneya temple and car stand,B.M.Road, Channarayapatna-573116, Hassan district.",HASSAN,HSN00177ALCDS,06 Jun 2027,1,KPME Karnataka Portal,2026-01-19T09:49:21.666643
VIJAYA CLINIC,Clinic/Polyclinic Only Consultation,Ayurveda,"BWSSB WEST SIDE, BASAVESHWARA NAGARA, KANAKAPURA TOWN",,RMG00025AYCOC,15 Apr 2026,1,KPME Karnataka Portal,2026-01-19T09:49:21.763274
SHARADA HOSPITAL AND NURSING HOME,Hospital (Level 1A),Allopathy,OLD P B ROAD NEAR CMC NIPANI,,BLG00089ALH1A,11 Jan 2026,1,KPME Karnataka Portal,2026-01-19T09:49:21.851150
SRI SAI LAKSHMI DIABETES AND MEDICAL CLINIC,Clinic/Polyclinic with Dispensary,Allopathy,"MOKA ROAD, OPPMBSL SCHOOL, GANDHINAGAR, BALLARI",BALLARI,BEL00155ALCWD,16 Apr 2026,1,KPME Karnataka Portal,2026-01-19T09:49:21.934146
SRI SAI CLINICAL LABORATORY,Medical Diagnostic Laboratory,Allopathy,"NALLA GANGAMMA TEMPLE BUILDING, AMMAVARPET CIRCLE, KOLAR 563101",KOLAR,KLR00032ALMDL,12 Aug 2026,1,KPME Karnataka Portal,2026-01-19T09:49:21.988018
KINARA CLINIC,Clinic/Polyclinic Only Consultation,Allopathy,"# 5, GANESHA TEMPLE ROAD, N R MOHALLA, MYSORE -570007",MYSORE,MYS00293ALCOC,28 Dec 2026,1,KPME Karnataka Portal,2026-01-19T09:49:22.019087
MANJUSHREE DENTAL CLINIC,Dental Lab or Clinic,Allopathy,"6-129/1C VIJETH COMPLEX, GURUPURA-KAIKAMBA, MULOOR VILLAGE, KINNIKAMBLA POST",,DKA00577ALDEN,25 Oct 2026,1,KPME Karnataka Portal,2026-01-19T09:49:22.078699
SUSHRUTA CLINIC AND DIAGNOSTIC CENTRE,Clinic/Polyclinic with Diagnostic Support,Allopathy,"NO 209 , CHIKKA THATHAGUNI POST , AGARA MAIN ROAD , BANGALORE",BANGALORE,BLU00544ALCDS,17 Aug 2025,1,KPME Karnataka Portal,2026-01-19T09:49:22.177829
NAGESH HOSPITAL,Hospital (Level 3)(Non-Teaching with Super Specialty Services),Allopathy,"MYSORE ROAD, CHANNARAYAPATNA",MYSORE,HSN00039ALHL3,22 Jun 2026,1,KPME Karnataka Portal,2026-01-19T09:49:22.237943
SHIV BABA DISPENSARY CLINIC,Clinic/Polyclinic Only Consultation,Ayurveda,MAIN ROAD DUBALGUNDI,,BDR00054AYCOC,27 Jul 2026,1,KPME Karnataka Portal,2026-01-19T09:49:22.325737
DERMACARE CLINIC,Clinic/Polyclinic with Observation,Allopathy,"#310, 1st floor,6th cross, Kaggadaspura main road, VIgnan Nagar, Thippasandra post , Bangalore",BANGALORE,BLU00575ALCWO,27 Aug 2025,1,KPME Karnataka Portal,2026-01-19T09:49:22.425590
HOMEOCARE INTERNATIONAL PVT LTD,Clinic/Polyclinic with Dispensary,Homeopathy,"D.NO.38/2, 2ND MAIN, 9TH CROSS, PJ EXTENSION, DAVANGERE",,DVG00303HOCWD,02 Jun 2027,1,KPME Karnataka Portal,2026-01-19T09:49:22.525826
Sai Balaji Dental Care,Dental Lab or Clinic,Allopathy,"SAi Balaji Speciality Centre, #2537, Opposite Krishna Kala Mandira, Near Reddy Building, M.C.C.A.Block.",,DVG00259ALDEN,13 Feb 2027,1,KPME Karnataka Portal,2026-01-19T09:49:22.607608
SHIVAYOGI CLINIC,Clinic/Polyclinic Only Consultation,Ayurveda,KAGWAD OPP GRAM PANCHAYAT,,BLG00564AYCOC,30 Jan 2027,1,KPME Karnataka Portal,2026-01-19T09:49:22.705041
B.C ROAD POLYCLINIC & IDEAL DIAGNOSTIC LABORATORY,Clinic/Polyclinic with Diagnostic Support,Allopathy,"GROUND FLOOR, SRINIVAS ARCADE, NEAR PRIVATE BUS STAND, B.C ROAD",,DKA00278ALCDS,08 Feb 2026,1,KPME Karnataka Portal,2026-01-19T09:49:22.791590
TAVARGERI NURSING HOME PVT LTD,Hospital (Level 2),Allopathy,"Near K C Park Post Office, Dharwad.",DHARWAD,DWR01372ALHL2,19 Aug 2030,1,KPME Karnataka Portal,2026-01-19T09:49:22.890821
SHAMS CHILD AND ADULT CARE,Clinic/Polyclinic with Dispensary,Allopathy,"#5, 9th Cross, Bhuvaneshwarinagar, Hebbal Kempapura, Bangalore -560024",BANGALORE,BLU06531ALCWD,22 Jan 2029,1,KPME Karnataka Portal,2026-01-19T09:49:22.981793
AMRUTH CLINIC,Clinic/Polyclinic with Observation,Allopathy,"NO.440, BAZAR ROAD, YELAHANKA, BANGALORE-560064",BANGALORE,BLU01371ALCWO,17 Jan 2026,1,KPME Karnataka Portal,2026-01-19T09:49:23.012970
SHAMBHAVI POLY CLINIC,Clinic/Polyclinic Only Consultation,Allopathy,"GROUND FLOOR, APSARA ARCADE, OPPOSITE CEMENT GODOWN, NEAR M V J ENGINEERING COLLEGE, CHANNASANDRA MAIN ROAD, KADUGODI POST, BANGALORE-560067",BANGALORE,BLU00321ALCOC,08 Jul 2025,1,KPME Karnataka Portal,2026-01-19T09:49:23.057847
Shree Siddalingeshwara Yogavana Hills,Health Check-up Centre,Ayurveda,"# 36, KG Gollarapalay, Bolare post, off kanakapura Road, Biidadi Hobli Ramanagara Taluk and District",RAMANAGARA,RMG00003AYHCC,02 Feb 2026,1,KPME Karnataka Portal,2026-01-19T09:49:23.135248
SAI KRUPA CLINIC,Clinic/Polyclinic Only Consultation,Allopathy,"K.NARAYANAPURA, NEAR GANESHA TEMPLE, KOTHANNR POST, BANGALORE-560077",BANGALORE,BLU00322ALCOC,08 Jul 2025,1,KPME Karnataka Portal,2026-01-19T09:49:23.211930
SAKSHI CLINIC,Clinic/Polyclinic with Dispensary,Allopathy,"KUDLIGI CIRCLE, RAMNAGAR, HAGARIBOMMANAHALLI",,BEL00105ALCWD,03 Feb 2026,1,KPME Karnataka Portal,2026-01-19T09:49:23.285852
MARUTHI CLINIC,Clinic/Polyclinic Only Consultation,Ayurveda,"SHOP NO.2, NEAR PRESIDENCY SCHOOL, JYOTHI NAGARA, AMARAPURA ROAD, SIRA TALUK, TUMKUR DISTRICT-572137",,TMK00110AYCOC,18 Feb 2026,1,KPME Karnataka Portal,2026-01-19T09:49:23.356802
Wipro Limited,Clinic/Polyclinic with Observation,Allopathy,"No 72 EC123 Phase 1,Electronic city Bangalore",BANGALORE,BLU02381ALCWO,19 Sep 2026,1,KPME Karnataka Portal,2026-01-19T09:49:23.441514
SRI GURU BAKKESHWARA UROLOGY KIDNEY STONE CLINIC & SARVAMANGALA LAB,Clinic/Polyclinic with Diagnostic Support,Allopathy,"D.NO.283, 4TH MAIN ROAD, OPP. VISHVESHWARAIAH PARK, P.J.EXTENSION, DAVANGERE",,DVG00328ALCDS,19 Jun 2027,1,KPME Karnataka Portal,2026-01-19T09:49:23.539662
GAJAKOSH HOSPITAL,Hospital (Level 2),Allopathy,"VIJAYAPUR ROAD INDI, TQ INDI, DIST VIJAYAPUR",,BIJ00191ALHL2,02 Apr 2026,1,KPME Karnataka Portal,2026-01-19T09:49:23.627762
Sanjeevini Hospital,Clinic/Polyclinic Only Consultation,Allopathy,"Sanjeevini Hospital Besides ZP Office, NM road Chikkodi 591201",,BLG00054ALCOC,07 Dec 2025,1,KPME Karnataka Portal,2026-01-19T09:49:23.716768
JHANVI EYE CARE,Clinic/Polyclinic Only Consultation,Allopathy,NEAR SANJAY INDIAN GAS MADIVAL CHOWK BIDAR,BIDAR,BDR00181ALCOC,26 Sep 2027,1,KPME Karnataka Portal,2026-01-19T09:49:23.794267
Glow & grow,Clinic/Polyclinic Only Consultation,Ayurveda,Golden plaza court road kalburgi,,GLB00107AYCOC,01 Jan 2026,1,KPME Karnataka Portal,2026-01-19T09:49:23.857342
MITRA MEDICAL CENTRE,Clinic/Polyclinic with Diagnostic Support,Allopathy,"#24, GROUND FLOOR, 2ND CROSS, KUMARSWAMY LAYOUT 1ST STAGE, BANGALORE 560078.",BANGALORE,BLU12408ALCDS,26 Oct 2030,1,KPME Karnataka Portal,2026-01-19T09:49:23.915199
City hospital,Hospital (Level 1B),Allopathy,julai nagar,,KPL00126ALH1B,17 Sep 2027,1,KPME Karnataka Portal,2026-01-19T09:49:23.982359
SMILE DENTAL CARE CLINIC AND SKIN AESTHETICS,Dental Lab or Clinic,Allopathy,"#73, 2nd Main, Near Shivalaya, Sri Nagar, Dharwad.",DHARWAD,DWR00129ALDEN,26 Nov 2025,1,KPME Karnataka Portal,2026-01-19T09:49:24.024750
PRAGATHI HOSPITAL,Hospital (Level 1A),Allopathy,VP EXTENSION MAIN ROAD OPP MRP LODGE OLD JP NURSING HOME,,CTR00013ALH1A,03 Feb 2026,1,KPME Karnataka Portal,2026-01-19T09:49:24.103955
DR K.G.KULKARNI HOSPITAL,Clinic/Polyclinic Only Consultation,Allopathy,"Dr KG Kulkarni Hospital, Dr Simpilinganna Road Koppal",KOPPAL,KPL00002ALCOC,27 Jul 2026,1,KPME Karnataka Portal,2026-01-19T09:49:24.173141
LIFECELL INTERNATIONAL PVT.LTD.,Medical Diagnostic Laboratory,Allopathy,"NO. 73/1, OLD NO.406, 2ND AND 3RD FLOOR, 20TH MAIN ROAD, 1ST BLOCK WOC ROAD, NEAR INDIRA CANTEEN RAJAJI NAGAR, BANGALORE -560010.",BANGALORE,BLU12607ALMDL,12 Nov 2030,1,KPME Karnataka Portal,2026-01-19T09:49:24.238975
DR. GURUSHANTAPPA YALAGACHIN CLINIC,Clinic/Polyclinic Only Consultation,Allopathy,"F-3, Doctor House, D-Block, 1st Floor, Revankar Complex, Court Circle, Hubballi.",,DWR00319ALCOC,24 Jul 2026,1,KPME Karnataka Portal,2026-01-19T09:49:24.328877
HSN Super Speciality Hair Transplantation Centre,Hospital (Level 1A),Allopathy,"No.2948, 2nd and 3rd floor, MKK Road, D Block, Rajajinagar, Bengaluru-560010",BENGALURU,BLU01714ALH1A,24 Mar 2026,1,KPME Karnataka Portal,2026-01-19T09:49:24.414668
AYUSHDHAMA ORTHO NEURO HOSPITAL,AYUSH Therapy Centre,Ayurveda,"B V S Road,Near Shastri Circle,Vaderhobali, Kundapura",,UDP00035AYATC,10 Jan 2026,1,KPME Karnataka Portal,2026-01-19T09:49:24.491701
OSMANIA HEALTH CARE CENTRE,Clinic/Polyclinic Only Consultation,Ayurveda,JABBAR HUSSAIN QURESHI COMPLEX NEAR NAHARU CHOWK CHITGUPPA,,BDR00284AYCOC,18 Dec 2028,1,KPME Karnataka Portal,2026-01-19T09:49:24.548786
PRAKRIYA MEDICAL AND ONCOLOGY CENTER AND ASHA KIRANA DIAGNOSTIC CENTER,Clinic/Polyclinic with Diagnostic Support,Allopathy,"AMAR JYOTHI NAGAR, BESIDE INCOME TAX DEPARTMENT STAFF QUARTERS, NEAR SAI BABA TEMPLE, KUNIGAL ROAD, TUMKUR DISTRICT-572101",,TMK00075ALCDS,09 Dec 2025,1,KPME Karnataka Portal,2026-01-19T09:49:24.627851
SADHANA CLINICAL LABORATORY,Medical Diagnostic Laboratory,Allopathy,BASTI KAIKINI BHATKAL,,UKA00017ALMDL,17 Feb 2026,1,KPME Karnataka Portal,2026-01-19T09:49:24.708549
CHIRAYU CLINIC,Clinic/Polyclinic Only Consultation,Allopathy,"R.no 20 , 1st floor , Gandhi Bhavan ,behind hotel Sanman ,college road,Belagavi",BELAGAVI,BLG00376ALCOC,29 Jul 2026,1,KPME Karnataka Portal,2026-01-19T09:49:24.785858
GURURAJ CLINIC,Clinic/Polyclinic Only Consultation,Homeopathy,"GANDHI NAGARA, POST HEBLE, BHATKAL",,UKA00030HOCOC,06 Jun 2026,1,KPME Karnataka Portal,2026-01-19T09:49:24.883334
Dr.Ohm Indo German Hospital Chittapur,Hospital (Level 1A),Allopathy,Jyothi Seva Kendra Trust Chittapur,,GLB00040ALH1A,16 Nov 2025,1,KPME Karnataka Portal,2026-01-19T09:49:24.981600
Laxmi Clinic,Clinic/Polyclinic with Dispensary,Ayurveda,"Jalikatti Oni, Neelagund",,BGK01217AYCWD,02 Oct 2030,1,KPME Karnataka Portal,2026-01-19T09:49:25.058241
DERMASCULPT CLINIC,Clinic/Polyclinic with Observation,Allopathy,"1944 , SOUTH D CROSS EAST END , JAYANAGAR 9TH BLOCK, BANGALORE",BANGALORE,BLU00495ALCWO,06 Aug 2025,1,KPME Karnataka Portal,2026-01-19T09:49:25.148513
Shri Banashankari Clinic,Clinic/Polyclinic Only Consultation,Ayurveda,"CTS No.4017 Drakshi Galli, Opposite Ambedkar Bhavan, Vijayapur Road Athani",,BLG00249AYCOC,19 Mar 2026,1,KPME Karnataka Portal,2026-01-19T09:49:25.247002
Nihaal Dental Care,Dental Lab or Clinic,Allopathy,"KT no 1639, opp bed college 6th cross",,MAN00070ALDEN,19 Feb 2026,1,KPME Karnataka Portal,2026-01-19T09:49:25.338676
Vedant Clinic,Clinic/Polyclinic Only Consultation,Ayurveda,"Main Road, Mutaga",,BLG00019AYCOC,16 Sep 2025,1,KPME Karnataka Portal,2026-01-19T09:49:25.432712
HEALTH CARE DIAGNOSTIC LABORATORY,Medical Diagnostic Laboratory,Allopathy,"MENEZES PLAZA, FARANGIPET, BANTWAL",,DKA00636ALMDL,06 Feb 2027,1,KPME Karnataka Portal,2026-01-19T09:49:25.531154
CLINIC,Clinic/Polyclinic with Dispensary,Allopathy,"THUMBE, BANTWAL",,DKA00410ALCWD,28 Mar 2026,1,KPME Karnataka Portal,2026-01-19T09:49:25.627526
Harithasa multispeciality clininc and diagnostics,Clinic/Polyclinic with Diagnostic Support,Allopathy,"103, 3rd main, ramanjaneyanagar, bangalore 560061",BANGALORE,BLU00602ALCDS,30 Aug 2025,1,KPME Karnataka Portal,2026-01-19T09:49:25.676097
Gayatri clinic,Clinic/Polyclinic Only Consultation,Homeopathy,15/12/court mohalla street Miller pet Ballari,BALLARI,BEL00144HOCOC,04 Mar 2026,1,KPME Karnataka Portal,2026-01-19T09:49:25.770518
Clinic,Clinic/Polyclinic with Dispensary,Ayurveda,Amruthadhara Clinic adyanadka post bantwal taluk,,DKA00156AYCWD,20 Nov 2025,1,KPME Karnataka Portal,2026-01-19T09:49:25.863595
Srusti health center,Clinic/Polyclinic Only Consultation,Allopathy,"No 8 , srusti health centre, hosakerehalli main road, bsk 3rd stage, Bangalore 85",BANGALORE,BLU03219ALCOC,29 Mar 2027,1,KPME Karnataka Portal,2026-01-19T09:49:25.957174
DR P SUBBA RAO,Clinic/Polyclinic Only Consultation,Allopathy,"Bank of Baroda Building, Church Road, Bejai, Mangalore",MANGALORE,DKA03160ALCOC,04 Nov 2030,1,KPME Karnataka Portal,2026-01-19T09:49:26.003208
DR BHAGWAT SKIN CLINIC,Clinic/Polyclinic Only Consultation,Allopathy,"Shop No.: 2&3, 2nd Floor, Galaxy Mall, Beside Womens College, J.C. Nagar, Hubballi-580020",,DWR00168ALCOC,15 Jan 2026,1,KPME Karnataka Portal,2026-01-19T09:49:26.058752
MN Speciality Clinic and Diagnostic Centre,Clinic/Polyclinic with Diagnostic Support,Allopathy,"NO 9, 24TH MAIN,J.P NAGAR, 06TH PHASE, OPP IDBI BANK, BANGALORE-560078",BANGALORE,BLU02179ALCDS,10 Aug 2026,1,KPME Karnataka Portal,2026-01-19T09:49:26.155798
PRABHU NURSING HOME,Hospital (Level 1A),Allopathy,"Opp. old bus stand ,shiggaon",,HVR00237ALH1A,11 Oct 2026,1,KPME Karnataka Portal,2026-01-19T09:49:26.233371
SRI HARI DIAGNOSTICS,Diagnostic Imaging Centre,Allopathy,"102, FIRST FLOOR, ANAND CHAMBERS, ELEPHANT ROCK ROAD, 3 RD BLOCK, JAYANAGAR, BANGALORE. 560011. Ph.No : 7090712345",BANGALORE,BLU01281ALDIC,23 Dec 2025,1,KPME Karnataka Portal,2026-01-19T09:49:26.296064
Guru Sparsha Clinic,Clinic/Polyclinic Only Consultation,Allopathy,"KaranjiKatte Road, Opp Ambika Drip Centre, Next to KSRTC Buss stand kolar",KOLAR,KLR00040ALCOC,12 Aug 2026,1,KPME Karnataka Portal,2026-01-19T09:49:26.371876
Mali Hospital & ICU,Hospital (Level 1A),Allopathy,"Neelappagol Complex, Miniparty Opposite, Rampur, Rabakavi- Banahatti",,BGK01278ALH1A,10 Dec 2030,1,KPME Karnataka Portal,2026-01-19T09:49:26.470902
KOTTURESHWARA CLINIC,Clinic/Polyclinic Only Consultation,Ayurveda,"Anavatti, Shiralakoppa, Soraba Taluk",,SMG00048AYCOC,17 May 2026,1,KPME Karnataka Portal,2026-01-19T09:49:26.560306
V CARE LAB AND DIAGNOSTIC,Medical Diagnostic Laboratory,Allopathy,VALLI COMPLEX KAMTHANNA TQ AND DIST BIDAR,BIDAR,BDR00059ALMDL,27 Jul 2026,1,KPME Karnataka Portal,2026-01-19T09:49:26.617899
LAXMI CLINIC,Clinic/Polyclinic Only Consultation,Homeopathy,"NEAR HIRAPUR RAILWY GATE, SAVITRIBAI PHULE COLONY, KALABURAGI-585102",KALABURAGI,GLB01271HOCOC,02 Aug 2029,1,KPME Karnataka Portal,2026-01-19T09:49:26.681076
Shree Malatesh Clinic,Clinic/Polyclinic Only Consultation,Ayurveda,"Bellikeri, Tq. Byadagi",,HVR00177AYCOC,24 Mar 2026,1,KPME Karnataka Portal,2026-01-19T09:49:26.756010
BASAVASHREE CLINIC,Clinic/Polyclinic with Diagnostic Support,Ayurveda,NEAR BUS STAND KARBA NAGAR NIDAGUNDI TOWN,,BIJ00204AYCDS,20 May 2026,1,KPME Karnataka Portal,2026-01-19T09:49:26.850146
PRO PHYSIO HEALTHCARE PVT.LTD,Clinic/Polyclinic Only Consultation,Allopathy,"#872/F, MICHAEL PALYA ROAD, OFF 80FEET ROAD, 2ND STAGE INDIRANAGAR, BANGALORE-560038.",BANGALORE,BLU00884ALCOC,28 Oct 2025,1,KPME Karnataka Portal,2026-01-19T09:49:26.941874
2,1,1 2 3 4 5 6 7 8 9 10 ...,3,,5,4,1,KPME Karnataka Portal,2026-01-19T09:49:27.030299
3,2,1,4,,6,5,1,KPME Karnataka Portal,2026-01-19T09:49:27.109357
SHREE GANESH CLINIC,Clinic/Polyclinic Only Consultation,Allopathy,"BASTIKAR COMPLEX, SHAKTINAGAR, MANGALURU",,DKA00065ALCOC,05 Nov 2025,2,KPME Karnataka Portal,2026-01-19T09:49:30.755600
TVACHA SKIN AND COSMETOLOGY CLINIC,Clinic/Polyclinic Only Consultation,Allopathy,"NO.G1.ASHRAYA APARTEMENT ,KAGGADASPURA MAIN ROAD ,C V RAMAN NAGAR,BENGALORE-560093",,BLU00658ALCOC,10 Sep 2025,2,KPME Karnataka Portal,2026-01-19T09:49:30.842162
KIRAN DIAGNOSTIC CENTRE,Clinic/Polyclinic with Diagnostic Support,Allopathy,"NO. 172/1, KATHRIGUPPE MAIN ROAD, BANASHANKARI 3RD STAGE, BANGALORE 560085",BANGALORE,BLU11730ALCDS,27 Jul 2030,2,KPME Karnataka Portal,2026-01-19T09:49:30.933529
AYUSH UDAY CLINIC,AYUSH Therapy Centre,Ayurveda,SOMANAHALLI VILLAGE AND POST AKKI HEBBAL HOBLI K R PETE TALUK MANDYA DISTRICT,MANDYA,MAN00145AYATC,30 May 2026,2,KPME Karnataka Portal,2026-01-19T09:49:31.008321
OXOR MERIDIAN HOSPITAL,Hospital (Level 1A),Allopathy,"# 14, STANDAGE ROAD, OPP MOSQUE ROAD, FRAZER TOWN,BANGALORE-560005",BANGALORE,BLU00681ALH1A,15 Sep 2025,2,KPME Karnataka Portal,2026-01-19T09:49:31.055750
Sambram Institute of Medical Sciences & Research Hospital,Hospital (Level 4)(Teaching),Allopathy,"D.K Halli Road BEML Nagar KGF, 563115",,KLR00002ALHL4,22 Oct 2025,2,KPME Karnataka Portal,2026-01-19T09:49:31.118755
Mahira polyclinic and Labs,Clinic/Polyclinic with Diagnostic Support,Allopathy,"Shop No.2, PID/KNO/SAS No.29-3-91/651/288, cellar, Ward No. 5, Opp KSRTC Bustand, Channarayapatana, Hassan-573116",HASSAN,HSN00176ALCDS,06 Jun 2027,2,KPME Karnataka Portal,2026-01-19T09:49:31.203611
MALLESHWARA ORTHOPAEDIC CENTER & POLY CLINIC,Clinic/Polyclinic Only Consultation,Allopathy,"NO.34, 8TH MAIN, 13TH CROSS, MALLESHWARAM, BANGALORE-560003.",BANGALORE,BLU00732ALCOC,23 Sep 2025,2,KPME Karnataka Portal,2026-01-19T09:49:31.280399
A R. Suranagi Clinic,Clinic/Polyclinic with Dispensary,Allopathy,"Old Vegetable Market , Yalakki Oni, M G Road, Haveri.",HAVERI,HVR00011ALCWD,17 Dec 2025,2,KPME Karnataka Portal,2026-01-19T09:49:31.379607
SHREE LABORATORY,Medical Diagnostic Laboratory,Allopathy,"Opp. Vandana Bakery, Savalanga Road, Shimoga.",,SMG00026ALMDL,18 Apr 2026,2,KPME Karnataka Portal,2026-01-19T09:49:31.474782
CLASSIC CLINICAL LABORATORY,Medical Diagnostic Laboratory,Allopathy,"2631, MALI GALLI, BELAGAVI",BELAGAVI,BLG00119ALMDL,07 Feb 2026,2,KPME Karnataka Portal,2026-01-19T09:49:31.564762
ADHOKSHAJA EYE CARE AND OPTICALS,Clinic/Polyclinic with Dispensary,Allopathy,#20-20/11-19. Ground floor. RR Commercial complex. Melkar Junction. Panemangalore.,MANGALORE,DKA00295ALCWD,18 Mar 2026,2,KPME Karnataka Portal,2026-01-19T09:49:31.650381
SPECIALIST HEALTH SYSTEMS PVT LTD,Hospital (Level 3)(Non-Teaching with Super Specialty Services),Allopathy,"#216,7th main,80 feet road,1st Block,HRBR Layout,Kalyan Nagar",,BLU01625ALHL3,04 Mar 2026,2,KPME Karnataka Portal,2026-01-19T09:49:31.745996
VIRAJ POLYCLINIC & DIAGNOSTICS,Clinic/Polyclinic Only Consultation,Allopathy,"#7/A, Attur Main Road, Near Shaneshwara Temple, Attur Layout, Yelahanka, Bangalore",BANGALORE,BLU13021ALCOC,18 Dec 2030,2,KPME Karnataka Portal,2026-01-19T09:49:31.843281
CHILD CLINIC,Clinic/Polyclinic Only Consultation,Allopathy,SL COMPLEX MAIN ROAD UPPINANGADY,,DKA00714ALCOC,15 Mar 2027,2,KPME Karnataka Portal,2026-01-19T09:49:31.938946
LABIS DIAGNOSTICS AND SPECIALITY CLINIC,Clinic/Polyclinic with Diagnostic Support,Allopathy,"NO.21.NTI LAYOUT,VIDYARANYAPURA ,BENGALORE-560097",,BLU12267ALCDS,22 Sep 2030,2,KPME Karnataka Portal,2026-01-19T09:49:32.002110
Shifa Clinic,Clinic/Polyclinic with Dispensary,Ayurveda,"Near Old Bus Stand,Rattihalli.",,HVR00246AYCWD,15 Nov 2026,2,KPME Karnataka Portal,2026-01-19T09:49:32.060567
Orchard Healthcare private limited,Medical Diagnostic Laboratory,Allopathy,"#912 , 2nd floor, 6th block, near GKR TOWER , SRINIVAGILU MAIN ROAD , EJIPURA , VENKAPPA GARDEN , KORAMANGALA , BANGALORE",BANGALORE,BLU00758ALMDL,25 Sep 2025,2,KPME Karnataka Portal,2026-01-19T09:49:32.135987
VP MAGNUS HOSPITAL,Hospital (Level 1A),Allopathy,"#36 VINAYAKANAGAR LAYOUT, BINNAMANGALA VILLAGE, NELAMANGALA TQ,",,BLR00010ALH1A,26 Apr 2026,2,KPME Karnataka Portal,2026-01-19T09:49:32.176169
TASMIYA AYU CLINIC,Clinic/Polyclinic Only Consultation,Ayurveda,Daugi Oni Jumma Bazar savanur,,HVR00126AYCOC,05 Mar 2026,2,KPME Karnataka Portal,2026-01-19T09:49:32.247871
ORTHODONTIC AND DENTAL CLINIC,Dental Lab or Clinic,Allopathy,"2nd Floor, B.A.Center Point, Signal Light Junction Hampankatta, Mangalore",MANGALORE,DKA00615ALDEN,12 Dec 2026,2,KPME Karnataka Portal,2026-01-19T09:49:32.320473
Harsha Child clinic,Clinic/Polyclinic Only Consultation,Allopathy,"krishna arcade,Darbe ,Puttur",,DKA00513ALCOC,01 Aug 2026,2,KPME Karnataka Portal,2026-01-19T09:49:32.396585
happydent,Dental Lab or Clinic,Allopathy,"Times square building, 1st floor,Above KFC, Kadri, Mangalore-575002.",MANGALORE,DKA00008ALDEN,09 Oct 2025,2,KPME Karnataka Portal,2026-01-19T09:49:32.481969
Caps & Crowns Dr.Haifa Dent Care,Dental Lab or Clinic,Allopathy,"Super Mart, Marnamikatte, Mangalore",MANGALORE,DKA00199ALDEN,20 Jan 2026,2,KPME Karnataka Portal,2026-01-19T09:49:32.561221
Dr.Gillians & Dr Chetans polyclinic,Clinic/Polyclinic with Dispensary,Allopathy,"Chetana nursing home premises, Mallundur road, chikkamagaluru",CHIKKAMAGALURU,CKM00304ALCWD,09 Jul 2028,2,KPME Karnataka Portal,2026-01-19T09:49:32.628196
Susheela dentacare,Dental Lab or Clinic,Allopathy,Sara arcade Melkar,,DKA03231ALDEN,28 Nov 2030,2,KPME Karnataka Portal,2026-01-19T09:49:32.703316
Shri Sai Clinic,Clinic/Polyclinic Only Consultation,Homeopathy,"Shivaji Road, Yallur",,BLG00109HOCOC,07 Feb 2026,2,KPME Karnataka Portal,2026-01-19T09:49:32.764142
MAHAGANAPATHI DENTAL CLINIC,Dental Lab or Clinic,Allopathy,"MAHAGANAPATHI DENTAL CLINIC SHIVAKRUPA BULDING, NELLYADY PUTTUR TQ",,DKA00170ALDEN,21 Dec 2025,2,KPME Karnataka Portal,2026-01-19T09:49:32.798087
DR T RATHNAKAR,Clinic/Polyclinic Only Consultation,Allopathy,"First Floor, Athena Hospital Complex, Falnir Road, Mangalore",MANGALORE,DKA00029ALCOC,09 Oct 2025,2,KPME Karnataka Portal,2026-01-19T09:49:32.857251
Dhanvantri Clinic,Clinic/Polyclinic Only Consultation,Homeopathy,"Dhanvantri Clinic, Near Yallalingeshwar Medical, Sedam Road, Sulepeth,",,GLB00026HOCOC,08 Nov 2025,2,KPME Karnataka Portal,2026-01-19T09:49:32.948504
Makandar Clinic,Clinic/Polyclinic Only Consultation,Homeopathy,Behind Quba Majid Kudachi-591311,,BLG00028HOCOC,10 Nov 2025,2,KPME Karnataka Portal,2026-01-19T09:49:33.027107
Upadhye Dispensary,Clinic/Polyclinic Only Consultation,Ayurveda,"Tarihal Road, Vijay Nagar, Halaga",,BLG00011AYCOC,10 Sep 2025,2,KPME Karnataka Portal,2026-01-19T09:49:33.118501
SURAKSHA HOMEOPATHY HEALTHCARE,Clinic/Polyclinic Only Consultation,Homeopathy,"#91, 19TH MAIN, 60 FEET ROAD, 6TH BLOCK, KORAMANGALA",,BLU03657HOCOC,06 Sep 2027,2,KPME Karnataka Portal,2026-01-19T09:49:33.207127
Saraswati Children Clinic,Clinic/Polyclinic Only Consultation,Allopathy,"Wari Complex, Opposite Corporation Office, Lamington Road, Hubli",HUBLI,DWR00212ALCOC,01 Mar 2026,2,KPME Karnataka Portal,2026-01-19T09:49:33.298131
AIMAN CLINIC,Clinic/Polyclinic with Observation,Ayurveda,"SUBHASH CIRCLE, STATION ROAD, HAVERI",HAVERI,HVR00034AYCWO,11 Feb 2026,2,KPME Karnataka Portal,2026-01-19T09:49:33.378687
Dhatri Health Care,Clinic/Polyclinic with Diagnostic Support,Allopathy,"Survey no. 3/2, Hagadur Colony, Near Sri Rama Temple, Immadihalli road, Whitefield",,BLU05747ALCDS,19 Oct 2028,2,KPME Karnataka Portal,2026-01-19T09:49:33.451101
CLOVE DENTAL Star Dental Centre Private Limited,Dental Lab or Clinic,Allopathy,"24, First Floor, Above Idea Showroom, S.T Bed Extension, Koramangala, Bengaluru -",BENGALURU,BLU04755ALDEN,23 May 2028,2,KPME Karnataka Portal,2026-01-19T09:49:33.515342
KOAL DIAGNOSTICS,Clinic/Polyclinic with Diagnostic Support,Allopathy,"#3/7-5, 3RD CROSS, DR.MARIYAPPA ROAD, KORAMANGALA 2ND BLOCK, MADIWALA POST, BANGALORE-560068.",BANGALORE,BLU00636ALCDS,06 Sep 2025,2,KPME Karnataka Portal,2026-01-19T09:49:33.586073
ARVIND ENT CLINIC,Clinic/Polyclinic Only Consultation,Allopathy,"NO. 32, ARVIND COMPLEX, OPP TO METRO TRAIN PILLAR NO. 44, KANAKAPURA MAIN ROAD, J.P. NAGAR POST, BANGALORE 560078",BANGALORE,BLU00699ALCOC,17 Sep 2025,2,KPME Karnataka Portal,2026-01-19T09:49:33.671743
PERFECT PEARLS ORTHODONTIC AND IMPLANT CENTER,Dental Lab or Clinic,Allopathy,"#63/2,GROUND FLOOR, 18TH CROSS, MALLESHWARAM",,BLU00793ALDEN,07 Oct 2025,2,KPME Karnataka Portal,2026-01-19T09:49:33.763901
KVG AYURVEDA MEDICAL COLLEGE AND HOSPITAL,Hospital (Level 4)(Teaching),Ayurveda,"Ambate Adka, Kurunjibag, Sullia",,DKA01139AYHL4,21 Jul 2027,2,KPME Karnataka Portal,2026-01-19T09:49:33.863805
VIJAYA CLINIC,Clinic/Polyclinic Only Consultation,Ayurveda,MARKET MAIN ROAD KAVITAL,,RCR00302AYCOC,16 Jun 2028,2,KPME Karnataka Portal,2026-01-19T09:49:33.953022
SHREE RAKSHA CLINIC,Clinic/Polyclinic Only Consultation,Homeopathy,"Zansi Laxmi Road, Tq.Alnavar, Dist.Dharwad.",DHARWAD,DWR01426HOCOC,14 Oct 2030,2,KPME Karnataka Portal,2026-01-19T09:49:34.006839
SWASTIKA HOSPITAL,Specialty / Super-Specialty Specific Hospital,Allopathy,"NEAR JAIL CIRCLE, KUVEMPU ROAD",,SMG00047ALSSH,17 May 2026,2,KPME Karnataka Portal,2026-01-19T09:49:34.058084
CLINRAD DIAGNOSTICS& RESEARCH CENTRE,Clinic/Polyclinic with Diagnostic Support,Allopathy,"#725, CMH ROAD,NEAR CMH HOSPITAL. INDIRA NAGAR, BANGALORE-560038",BANGALORE,BLU00679ALCDS,15 Sep 2025,2,KPME Karnataka Portal,2026-01-19T09:49:34.147364
ASHWINI CLINIC,Clinic/Polyclinic Only Consultation,Ayurveda,NEAR KSRTC DEPO NO 1 OPP MUNDEWADI HOSPITAL VISHAL NAGAR VIJAYAPUR,,BIJ00187AYCOC,02 Apr 2026,2,KPME Karnataka Portal,2026-01-19T09:49:34.221849
BALAJI CLINIC,Clinic/Polyclinic Only Consultation,Ayurveda,MAIN ROAD KAVITHAL,,RCR00304AYCOC,26 Jun 2028,2,KPME Karnataka Portal,2026-01-19T09:49:34.257063
KRISHNA CLINIC,Clinic/Polyclinic Only Consultation,Allopathy,"No.40, Ground Floor, 1st Main Road, Saraswathipuram Main Road, Nandini Layout, Bangalore",BANGALORE,BLU00668ALCOC,10 Sep 2025,2,KPME Karnataka Portal,2026-01-19T09:49:34.288024
JEEVAMRUT CLINIC,Clinic/Polyclinic Only Consultation,Ayurveda,"#60, Mahasati Nilaya, 7th Cross, Sangolli Rayanna Nagar, Dharwad",DHARWAD,DWR00039AYCOC,28 Sep 2025,2,KPME Karnataka Portal,2026-01-19T09:49:34.317655
DR. REDDYS CREATIVE SMILES,Dental Lab or Clinic,Allopathy,"# 301 , 1ST ‘D CROSS , 2ND ‘C’ MAIN , 8TH BLOCK , KORAMANGALA, BANGALORE",BANGALORE,BLU13385ALDEN,15 Jan 2031,2,KPME Karnataka Portal,2026-01-19T09:49:34.344960
PRIME ORTHOPEDICS,Clinic/Polyclinic Only Consultation,Allopathy,"NO 1309 , KANASU , 1ST FLOOR , 9TH CROSS , J.P NAGAR , 1ST PHASE , BANGALORE",BANGALORE,BLU00767ALCOC,25 Sep 2025,2,KPME Karnataka Portal,2026-01-19T09:49:34.372146
Sree Ayyappan Temple Medical Centre,Clinic/Polyclinic with Diagnostic Support,Allopathy,"Temple Community Hall Complex, Pipeline Road ,Prasanth Nagar , T Dasarahalli ,Bengaluru -560057",BENGALURU,BLU12177ALCDS,14 Sep 2030,2,KPME Karnataka Portal,2026-01-19T09:49:34.399502
Wellcare Clinic,Clinic/Polyclinic with Observation,Allopathy,K.No.25.PRO.NO.152900402003400039 1st Floor Bangalore and Mysore Road,MYSORE,RMG00015ALCWO,14 Apr 2026,2,KPME Karnataka Portal,2026-01-19T09:49:34.427849
Rahi Diagnostics,Diagnostic Imaging Centre,Allopathy,"# 12-10-52/B, Kadam Factory Premises, Near Gandhi Chowk",,RCR00019ALDIC,11 Apr 2026,2,KPME Karnataka Portal,2026-01-19T09:49:34.459304
Specialist Center,Clinic/Polyclinic Only Consultation,Allopathy,"1st Floor, Hemavathi Building, Balmatta, Mangalore",MANGALORE,DKA00162ALCOC,20 Nov 2025,2,KPME Karnataka Portal,2026-01-19T09:49:34.487758
Jeeva Kirana Clinic,Clinic/Polyclinic Only Consultation,Allopathy,"Jeeva Kirana Clinic, 5th Main Lenin Nagar Nituvalli",,DVG00284ALCOC,30 Mar 2027,2,KPME Karnataka Portal,2026-01-19T09:49:34.516983
aadya health junction,AYUSH Therapy Centre,Ayurveda,"door no. 23, behind ramkrishna nursing college, bypass road, in front of A.I.T. girls hostel,kalyan nagar",,CKM00027AYATC,11 Nov 2025,2,KPME Karnataka Portal,2026-01-19T09:49:34.548203
DAVANAGERE CLINIC,Clinic/Polyclinic with Diagnostic Support,Allopathy,NEAR TEMPLE UCHANGI DURGA HARAPANAHALLI,,BEL00078ALCDS,10 Jan 2026,2,KPME Karnataka Portal,2026-01-19T09:49:34.578869
SEVABHAI HOSPITAL,Hospital (Level 1A),Allopathy,"#573, 63rd Cross, 5th Block, Rajajinagar, Bangalore",BANGALORE,BLU00724ALH1A,22 Sep 2025,2,KPME Karnataka Portal,2026-01-19T09:49:34.608304
LAKSHMI HOSPITAL,Hospital (Level 1A),Allopathy,OPPOSITE GENERAL HOSPITAL B H ROAD KUNIGAL TALUK TUMKUR DISTRICT-572130,,TMK00049ALH1A,03 Nov 2025,2,KPME Karnataka Portal,2026-01-19T09:49:34.635494
COLUMBIA ASIA HOSPITAL,Hospital (Level 3)(Non-Teaching with Super Specialty Services),Allopathy,"KIRLOSKAR BUSINESS PARK, BELLARY ROAD, HEBBAL, BANGALORE-560024.",BANGALORE,BLU01541ALHL3,22 Feb 2026,2,KPME Karnataka Portal,2026-01-19T09:49:34.658736
FAME DIAGNOSTICS AND HEALTH CARE PVT.LTD.,Clinic/Polyclinic with Diagnostic Support,Allopathy,"NO.543, ASSESSMENT NO.88, R.K. HEGADE NAGAR, THANISANDRA. K.R.PURAM, BENGALURU-560077.",BENGALURU,BLU01519ALCDS,16 Feb 2026,2,KPME Karnataka Portal,2026-01-19T09:49:34.682400
Arogya Clinic,Clinic/Polyclinic Only Consultation,Ayurveda,"Door No. 5-98/13, Athri Complex, Near Hyundai Show Room, Kuntalpady",,UDP00146AYCOC,24 Jun 2026,2,KPME Karnataka Portal,2026-01-19T09:49:34.707173
DR.AHMED THYRIOD ENDO DIABETES CENTRE,Clinic/Polyclinic Only Consultation,Allopathy,"#533, 3RD CROSS, 2ND BLOCK, R.T.NAGAR, BANGALORE-560032.",BANGALORE,BLU02996ALCOC,06 Feb 2027,2,KPME Karnataka Portal,2026-01-19T09:49:34.735008
ANUPAMA HOSPITAL,Hospital (Level 1B),Homeopathy,MALLAMMA NAGAR MUDHOL DIST BAGALKOT,,BGK00077HOH1B,09 Mar 2026,2,KPME Karnataka Portal,2026-01-19T09:49:34.778211
SUMUKHA DENTAL CLINIC,Dental Lab or Clinic,Allopathy,"SUMUKHA DENTAL CLINIC, SANJAYA THEATRE BUILDING, R.P.ROAD ,MANDYA",MANDYA,MAN00112ALDEN,19 Apr 2026,2,KPME Karnataka Portal,2026-01-19T09:49:34.872645
FORTIS HOSPITALS LTD,Specialty / Super-Specialty Specific Hospital,Allopathy,"# 14, CUNNINGHAM ROAD",,BLU01671ALSSH,20 Mar 2026,2,KPME Karnataka Portal,2026-01-19T09:49:34.970437
GEETHA NEURO CARE,Clinic/Polyclinic Only Consultation,Allopathy,"# 5B, Near Enoble India, K C Road, Ballari",BALLARI,BEL00123ALCOC,04 Mar 2026,2,KPME Karnataka Portal,2026-01-19T09:49:35.016087
M/s.DHWANI CLINIC,Clinic/Polyclinic Only Consultation,Allopathy,"# 4,5 Ground Floor, No-160/1-1, Parvathi Nagar, Laggere, Bengaluru-560058",BENGALURU,BLU02965ALCOC,02 Feb 2027,2,KPME Karnataka Portal,2026-01-19T09:49:35.090020
Puneeth Hospital,Clinic/Polyclinic Only Consultation,Allopathy,"944/1177 Mysore road, Malavalli",MYSORE,MAN00093ALCOC,19 Feb 2026,2,KPME Karnataka Portal,2026-01-19T09:49:35.132318
Swathi Clinic,Clinic/Polyclinic with Dispensary,Ayurveda,"Swathi Clinic, Babbuswami Temple Road, Ambagilu, Puttur Post, Udupi.",UDUPI,UDP00338AYCWD,13 Sep 2026,2,KPME Karnataka Portal,2026-01-19T09:49:35.207188
SERA CLINIC,Clinic/Polyclinic with Dispensary,Ayurveda,"2ND FLOOR, SHALIMAR COMPLEX, KANKANADY, MANGALORE",MANGALORE,DKA00484AYCWD,25 Jun 2026,2,KPME Karnataka Portal,2026-01-19T09:49:35.306380
PALLA S MULTI SPECIALITY HOSPITAL,Hospital (Level 1A),Allopathy,"FIRST FLOOR AMAR LAYOUT, D S G COMPLEX ,YADGIR",YADGIR,YDR00048ALH1A,16 Feb 2026,2,KPME Karnataka Portal,2026-01-19T09:49:35.410451
M/S Shri Padma Clinic,Clinic/Polyclinic Only Consultation,Allopathy,"Behind LIC Office, Yadagiri",,YDR00049ALCOC,16 Feb 2026,2,KPME Karnataka Portal,2026-01-19T09:49:35.491983
AL NOOR HOSPITAL,Hospital (Level 1A),Allopathy,"AT. CHINCHANSUR, TQ. ALAND, DIST. KALABURAGI-585302",KALABURAGI,GLB00181ALH1A,21 Mar 2026,2,KPME Karnataka Portal,2026-01-19T09:49:35.578868
HEALTHY SMILES DENTAL HOME,Dental Lab or Clinic,Allopathy,"Mahanandi Kottam,1st Cross, Talur Road, Parvathi Nagar",,BEL00172ALDEN,16 Apr 2026,2,KPME Karnataka Portal,2026-01-19T09:49:35.652218
SUVIDHA HOSPITAL,Hospital (Level 1A),Allopathy,"Plot No.333, 1st Cross, Veerendra Patil GDA Layout, Sedam Road, Kalaburagi",KALABURAGI,GLB00162ALH1A,09 Mar 2026,2,KPME Karnataka Portal,2026-01-19T09:49:35.723357
LIFE CARE LABORATORY,Medical Diagnostic Laboratory,Allopathy,NEAR KHB COLONY INDIRA NAGAR VIJAYAPUR,,BIJ00195ALMDL,02 Apr 2026,2,KPME Karnataka Portal,2026-01-19T09:49:35.769235
Smile Care Clinic,Dental Lab or Clinic,Allopathy,"No.274, 2nd Cross, Cambridge Layout, Ulsoor, Bengaluru-560008",BENGALURU,BLU01660ALDEN,12 Mar 2026,2,KPME Karnataka Portal,2026-01-19T09:49:35.855704
Bharath clinic,Clinic/Polyclinic with Dispensary,Ayurveda,"Near Corportation Bank.B.M Road, Shravanabelagola Channarayapatana",,HSN00192AYCWD,13 Jun 2027,2,KPME Karnataka Portal,2026-01-19T09:49:35.939824
Siddhivinayak Hospital,Clinic/Polyclinic with Diagnostic Support,Allopathy,Devi nagar B B Road Shahapur,,YDR00046ALCDS,16 Feb 2026,2,KPME Karnataka Portal,2026-01-19T09:49:36.023078
MAZUMDAR SHAW MEDICAL CENTRE A UNIT OF NARAYANA HRUDAYALAYA LTD,Specialty / Super-Specialty Specific Hospital,Allopathy,"SURVEY NO. 29P, 2/4, 2/5, 2/6, 2/7, 2/8, 23/2, 23/3, 3D. NO.258/A, BOMMASANDRA INDUSTRIAL AREA, HOSUR ROAD, ANEKAL TALUK, BANGALORE-560099.",BANGALORE,BLU01582ALSSH,02 Mar 2026,2,KPME Karnataka Portal,2026-01-19T09:49:36.083403
JAYADEVI CHILDRENS CLINIC,Clinic/Polyclinic with Dispensary,Allopathy,KANATH COMPLEX SIRSI HUBLI ROAD,HUBLI,UKA00079ALCWD,16 Dec 2026,2,KPME Karnataka Portal,2026-01-19T09:49:36.181223
BANGALORE BAPTIST HOSPITAL,Hospital (Level 3)(Non-Teaching with Super Specialty Services),Allopathy,"Bangalore Baptist Hospital Bellary Road, Hebbal",BANGALORE,BLU01847ALHL3,25 Apr 2026,2,KPME Karnataka Portal,2026-01-19T09:49:36.249974
SRI RANGA CLINIC,Clinic/Polyclinic Only Consultation,Allopathy,"KUNIGAL ROAD,ROYAN NAGAR,NELAMANGALA TALUK",,BLR00091ALCOC,20 Oct 2026,2,KPME Karnataka Portal,2026-01-19T09:49:36.353565
RHEA CLINIC,Clinic/Polyclinic Only Consultation,Allopathy,"Adharshanagar arishinakunte, Nelamangala taluk Bengaluru-562123",BENGALURU,BLR00186ALCOC,05 Aug 2027,2,KPME Karnataka Portal,2026-01-19T09:49:36.445004
Dr CHANDRAS NEURO AND EPILEPSY CENTRE,Clinic/Polyclinic with Dispensary,Allopathy,"OPP OLD KSRTC BUSSTAND, KOLACHALAM COMPOUND, BALLARI",BALLARI,BEL00128ALCWD,04 Mar 2026,2,KPME Karnataka Portal,2026-01-19T09:49:36.545980
Kalyani eye care,Clinic/Polyclinic Only Consultation,Allopathy,"1st floor , R.K Farm Gate, opp marsur big market, Chandapura -Anekal road, Bangalore, 562106",BANGALORE,BLU02338ALCOC,12 Sep 2026,2,KPME Karnataka Portal,2026-01-19T09:49:36.639045
NEWTOWN MEDICAL CENTER,Clinic/Polyclinic Only Consultation,Allopathy,"# 102 , Welcome’s Boulevard Building, #1993, HIG , MAJOR UNNIKRISHNAN ROAD Yelahanka , Bengaluru – 560064",BENGALURU,BLU01862ALCOC,27 Apr 2026,2,KPME Karnataka Portal,2026-01-19T09:49:36.745267
M/S Spoorthy Children Clinic,Clinic/Polyclinic with Observation,Allopathy,Ganesh Nagar B. B. Road Shahapur,,YDR00064ALCWO,08 Mar 2026,2,KPME Karnataka Portal,2026-01-19T09:49:36.835165
DHANAVANTRI NURSING HOME,Hospital (Level 1A),Allopathy,BANDAL CROSS VIJAYAPUR ROAD SINDAGI DIST VIJAYAPUR,,BIJ00193ALH1A,02 Apr 2026,2,KPME Karnataka Portal,2026-01-19T09:49:36.932097
sanjeevini health care,Hospital (Level 1B),Allopathy,"BH ROAD, TARIKERE",,CKM00045ALH1B,13 Jun 2026,2,KPME Karnataka Portal,2026-01-19T09:49:36.998264
MORE CHILDRENS HOSPITAL,Hospital (Level 2),Allopathy,"Sharan Nagar, Near a Hotel, Brahmpur, Kalaburagi",KALABURAGI,GLB00292ALHL2,05 Aug 2026,2,KPME Karnataka Portal,2026-01-19T09:49:37.050215
ACCULABS,Medical Diagnostic Laboratory,Allopathy,"#121,1st Floor,2nd Phase,2nd Stage,West Of Chord,Mahalakshmi Layout,Bangalore-560086",BANGALORE,BLU02141ALMDL,03 Aug 2026,2,KPME Karnataka Portal,2026-01-19T09:49:37.132162
Shree veerbhadreshwar clinic,Clinic/Polyclinic Only Consultation,Homeopathy,"Shree veerbhadreshwar clinic, At post - Rajeshwar",,BDR00154HOCOC,12 Jun 2027,2,KPME Karnataka Portal,2026-01-19T09:49:37.192245
VAISHNAVI CLINIC,Clinic/Polyclinic with Dispensary,Ayurveda,"Near Vijaya Bank, Anavatti Raod, Thogarsi, Shikaripura Taluk",,SMG00083AYCWD,23 Nov 2026,2,KPME Karnataka Portal,2026-01-19T09:49:37.290506
DIVYA SAI CLINIC,Clinic/Polyclinic Only Consultation,Allopathy,"HAMSANDRA,GUDIBANDE TALUK CHIKKABALLAPUR DIST",,CBR00088ALCOC,20 May 2027,2,KPME Karnataka Portal,2026-01-19T09:49:37.387248
IPSC INDIA INTERVENTION PAIN AND SPINE CENTRE BANGALORE,Clinic/Polyclinic with Diagnostic Support,Allopathy,"No.11 And 12, Sahakar Nagar, Ballery Road, Bangalore - 560092",BANGALORE,BLU02034ALCDS,27 Jun 2026,2,KPME Karnataka Portal,2026-01-19T09:49:37.481107
AddressHealth Child Speciality Clinic,Clinic/Polyclinic with Dispensary,Allopathy,"#133, 2nd Floor, Bank of Baroda Building, Vijayashree Layout, Hulimavu Gate",,BLU02027ALCWD,18 Jun 2026,2,KPME Karnataka Portal,2026-01-19T09:49:37.541931
DEVA MATA DISPENSARY,Clinic/Polyclinic Only Consultation,Ayurveda,"Russian Colony, Opp. Forest Office, Kargal, Sagar Taluk",,SMG00055AYCOC,09 Jun 2026,2,KPME Karnataka Portal,2026-01-19T09:49:37.609255
2,1,1 2 3 4 5 6 7 8 9 10 ...,3,,5,4,2,KPME Karnataka Portal,2026-01-19T09:49:37.668273
3,2,1,4,,6,5,2,KPME Karnataka Portal,2026-01-19T09:49:37.721399
SHILPA CLINIC,Clinic/Polyclinic with Dispensary,Ayurveda,SHANUBHOGANAHALLI VILL KUTAGAL HOBLI RAMANAGARA TQ AND DIST,RAMANAGARA,RMG00088AYCWD,15 May 2027,3,KPME Karnataka Portal,2026-01-19T09:49:41.333531
Dr T M A Pai Rotary Hospital,Specialty / Super-Specialty Specific Hospital,Allopathy,"SH-1 Bypass Road, Near Taluk office, Karkala, Udupi Dist",UDUPI,UDP00260ALSSH,09 Aug 2026,3,KPME Karnataka Portal,2026-01-19T09:49:41.393534
Vaidii Diagnostics & Poly Clinic,Clinic/Polyclinic with Diagnostic Support,Allopathy,"K.No-1278/A, Ground Floor, G.H Road, Mandya-571401",MANDYA,MAN00149ALCDS,11 Jul 2026,3,KPME Karnataka Portal,2026-01-19T09:49:41.481720
SHRI SIDDHAROODHA CLINIC,Clinic/Polyclinic Only Consultation,Ayurveda,"At Post : Yadwad, Tq. Dist. Dharwad",DHARWAD,DWR00338AYCOC,24 Jul 2026,3,KPME Karnataka Portal,2026-01-19T09:49:41.568495
KAMATHS CLINIC AND DAY CARE CENTRE,Clinic/Polyclinic with Observation,Allopathy,"MAIN ROAD, HIRIADKA, UDUPI 576113",UDUPI,UDP00323ALCWO,08 Sep 2026,3,KPME Karnataka Portal,2026-01-19T09:49:41.652027
MANJUSHREE HOSPITAL,Hospital (Level 3)(Non-Teaching with Super Specialty Services),Allopathy,"NO 91 DR AMC ROAD, KAVALBYRASANDRA, R T NAGAR POST, BENGALURU 560032",BENGALURU,BLU02643ALHL3,25 Nov 2026,3,KPME Karnataka Portal,2026-01-19T09:49:41.730631
FACE LIFT CLINIC,Dental Lab or Clinic,Allopathy,"Vikas Nagar Main Road, Hosur, Hubballi-580021",,DWR00348ALDEN,28 Aug 2026,3,KPME Karnataka Portal,2026-01-19T09:49:41.783797
Mathrushri Clinic,Clinic/Polyclinic Only Consultation,Ayurveda,"Madapura, Near Kolagala, H.D.Kote Taluk, Mysore Dist.",MYSORE,MYS00617AYCOC,07 Jul 2027,3,KPME Karnataka Portal,2026-01-19T09:49:41.859699
Atreya Clinic,Clinic/Polyclinic Only Consultation,Ayurveda,"Huyilalu, Ilwala Hobli, Mysore Tq.",MYSORE,MYS00611AYCOC,07 Jul 2027,3,KPME Karnataka Portal,2026-01-19T09:49:41.949710
MANJUNATHA CLINIC,Clinic/Polyclinic Only Consultation,Ayurveda,"M.M. ROAD, ANTARASANTE, H D KOTE, MYSURU",MYSURU,MYS00667AYCOC,31 Aug 2027,3,KPME Karnataka Portal,2026-01-19T09:49:42.015533
sanjeevini clinic,Clinic/Polyclinic Only Consultation,Ayurveda,393/1 begur main road near nageshwar temple opp SBI ATM begur Bengaluru south,BENGALURU,BLU02364AYCOC,19 Sep 2026,3,KPME Karnataka Portal,2026-01-19T09:49:42.085272
VEERANNA CLINIC,Clinic/Polyclinic Only Consultation,Ayurveda,KRISHNAPPA BUILDING MARALENAHALLI HANABE POST DODDABALLAPURA,,BLR00297AYCOC,09 Oct 2027,3,KPME Karnataka Portal,2026-01-19T09:49:42.147732
SRI SAI CLINIC & MATERNITY HOME,Hospital (Level 2),Allopathy,"NO 652, 3RD BLOCK, 46TH CROSS, RAJAJINAGAR, BANGALORE 560010",BANGALORE,BLU02744ALHL2,13 Dec 2026,3,KPME Karnataka Portal,2026-01-19T09:49:42.229367
DR MAHESH DESAIS CLINIC,Clinic/Polyclinic Only Consultation,Allopathy,"2nd Cross, Behind Pai Hotel, Bailappanavar Nagar, Hubballi.",,DWR00486ALCOC,07 Oct 2027,3,KPME Karnataka Portal,2026-01-19T09:49:42.325082
Bhairavi Health And Counselling Center,Clinic/Polyclinic Only Consultation,Ayurveda,"NO.44/1,7th cross,5th main,Vinayaka Nagar Paduvarahalli Mysore",MYSORE,MYS00428AYCOC,18 May 2027,3,KPME Karnataka Portal,2026-01-19T09:49:42.409239
Cure & Care Clinic,Clinic/Polyclinic with Observation,Allopathy,"42/2, Ram Reddy Building, Helalige Opp. Govt School, Chandapura, Anekal Taluk, Bangalore - 560099",BANGALORE,BLU02129ALCWO,29 Jul 2026,3,KPME Karnataka Portal,2026-01-19T09:49:42.497852
Shri Banashankari Clinic,Clinic/Polyclinic with Diagnostic Support,Allopathy,Near Raghavendra Temple Hangal,,HVR00338ALCDS,07 Jun 2027,3,KPME Karnataka Portal,2026-01-19T09:49:42.582229
KALPATHARU SCANNING CENTRE AND DIAGNOSTICS,Clinic/Polyclinic with Diagnostic Support,Allopathy,"KALPATHARU SCANNING CENTRE AND DIAGNOSTICS SHOP NO. 6, 7 AND 9 ANNAPOORNA ARCADE OPP NEPS, B.H.ROAD TUMKUR - 572102.",,TMK00297ALCDS,23 Jan 2027,3,KPME Karnataka Portal,2026-01-19T09:49:42.652689
SHIVA AYURVEDIC CLINIC,Clinic/Polyclinic Only Consultation,Ayurveda,BEHIND VASAVI TEXTILE PETE ARKALGUD ARKALGUD TALUK,,HSN00088AYCOC,24 Jan 2027,3,KPME Karnataka Portal,2026-01-19T09:49:42.731465
Udayaravi orthopedic & diagnostic center,Clinic/Polyclinic with Diagnostic Support,Allopathy,"opposite district hospital, post office road, Gandhinagar",,TMK00248ALCDS,06 Oct 2026,3,KPME Karnataka Portal,2026-01-19T09:49:42.815767
ISLETS DIABETIC HOSPITAL,Hospital (Level 1A),Allopathy,"Gopala Gowda Extension, Near Dwaraka Convention Hall, Sagar Road, Shimoga.",,SMG00093ALH1A,22 Dec 2026,3,KPME Karnataka Portal,2026-01-19T09:49:42.891106
Shreekara Dental Clinic,Dental Lab or Clinic,Allopathy,"No 44, 2nd House - Ground Floor, Beside BNB Apartment, Achar Layout, Hagadur Colony, Immadihalli Main Road, Whitefield",,BLU03741ALDEN,18 Sep 2027,3,KPME Karnataka Portal,2026-01-19T09:49:42.962670
ORACLE MULTISPECIALITY DENTAL CARE,Dental Lab or Clinic,Allopathy,"No.23, Sri Sai Plaza, 1st Floor, Sanjeevini Nagar, Kodigehalli Main Road, Bengaluru - 560092",BENGALURU,BLU07400ALDEN,18 Apr 2029,3,KPME Karnataka Portal,2026-01-19T09:49:43.021986
HITHA AYURVEDICS,Clinic/Polyclinic with Dispensary,Ayurveda,2-136 Giriyanna Shetty complex Market road Kasaba Karkala Udupi,UDUPI,UDP00518AYCWD,13 Jan 2027,3,KPME Karnataka Portal,2026-01-19T09:49:43.076096
SKINMATICS,Clinic/Polyclinic with Observation,Allopathy,"1st Floor, Above Jockey Showroom, New Airport Road, Byreshwara Layout, Hennur Bande, HBR Layout, Bengaluru-560043",BENGALURU,BLU02924ALCWO,26 Jan 2027,3,KPME Karnataka Portal,2026-01-19T09:49:43.146816
GANESH AYUR AND HOMOEO CLINIC,Clinic/Polyclinic Only Consultation,Ayurveda,"K.P. COMPLEX, MAIN ROAD, PUTTUR D.K. 574201",,DKA00772AYCOC,31 Mar 2027,3,KPME Karnataka Portal,2026-01-19T09:49:43.231565
Manjunatha Clinic,Clinic/Polyclinic Only Consultation,Allopathy,"Ameer Jan Road, Gundlupet",,CNR00149ALCOC,02 Sep 2030,3,KPME Karnataka Portal,2026-01-19T09:49:43.315800
SMT Puttanarasamma Charitable Health Centre,Clinic/Polyclinic with Diagnostic Support,Allopathy,"No.01, Adakamaranahalli Village, Makali Post, Dasanapura Hobli, Bangalore - 562162",BANGALORE,BLU02925ALCDS,26 Jan 2027,3,KPME Karnataka Portal,2026-01-19T09:49:43.400007
SMILE WORLD DENTAL CLINIC AND IMPLANT CENTER,Dental Lab or Clinic,Allopathy,"SHOP NO 24 , GROUND FLOOR , ADITHYANAGARA , YELAHANKA DOUBLE ROAD , OPP MARUTI SERVICE CENTRE , Bengaluru, 560097",BENGALURU,BLU03043ALDEN,20 Feb 2027,3,KPME Karnataka Portal,2026-01-19T09:49:43.488548
SHRI SIDDHA MULTI SPECIALITY HOSPITAL,Hospital (Level 1B),Allopathy,"SY NO 286/D/2, PLOT NO 34,35,36,37,38,39 TALIKOTI DIST VIJAYAPUR",,BIJ00337ALH1B,21 Jan 2027,3,KPME Karnataka Portal,2026-01-19T09:49:43.575060
GANDHI HOSPITAL,Hospital (Level 2),Allopathy,"D. No. 10-4-12, NEAR CITY BUS STAND, MOODANIDAMBUR VILLAGE UDUPI",UDUPI,UDP00621ALHL2,08 Mar 2027,3,KPME Karnataka Portal,2026-01-19T09:49:43.659701
SANJEEVINI HOSPITAL A UNIT OF SMHIPL,Specialty / Super-Specialty Specific Hospital,Allopathy,"#761, 7TH MAIN, LAST BUSSTOP, MAHALAKSHMI LAYOUT, OFF ISKON TEMPLE 560086",,BLU03275ALSSH,05 Apr 2027,3,KPME Karnataka Portal,2026-01-19T09:49:43.739351
S R K Diagnostic Centre,Medical Diagnostic Laboratory,Allopathy,"No.76, 1st Main, 2nd Cross, Badrappa Layout, Bangalore - 560094",BANGALORE,BLU04077ALMDL,08 Jan 2028,3,KPME Karnataka Portal,2026-01-19T09:49:43.833742
VP MAGNUS HOSPITAL,Hospital (Level 1A),Allopathy,"#36 VINAYAKANAGAR LAYOUT, BINNAMANGALA VILLAGE, NELAMANGALA TQ,",,BLR00010ALH1A,26 Apr 2026,3,KPME Karnataka Portal,2026-01-19T09:49:43.923607
TASMIYA AYU CLINIC,Clinic/Polyclinic Only Consultation,Ayurveda,Daugi Oni Jumma Bazar savanur,,HVR00126AYCOC,05 Mar 2026,3,KPME Karnataka Portal,2026-01-19T09:49:44.008940
ORTHODONTIC AND DENTAL CLINIC,Dental Lab or Clinic,Allopathy,"2nd Floor, B.A.Center Point, Signal Light Junction Hampankatta, Mangalore",MANGALORE,DKA00615ALDEN,12 Dec 2026,3,KPME Karnataka Portal,2026-01-19T09:49:44.060043
Harsha Child clinic,Clinic/Polyclinic Only Consultation,Allopathy,"krishna arcade,Darbe ,Puttur",,DKA00513ALCOC,01 Aug 2026,3,KPME Karnataka Portal,2026-01-19T09:49:44.121070
happydent,Dental Lab or Clinic,Allopathy,"Times square building, 1st floor,Above KFC, Kadri, Mangalore-575002.",MANGALORE,DKA00008ALDEN,09 Oct 2025,3,KPME Karnataka Portal,2026-01-19T09:49:44.209848
Caps & Crowns Dr.Haifa Dent Care,Dental Lab or Clinic,Allopathy,"Super Mart, Marnamikatte, Mangalore",MANGALORE,DKA00199ALDEN,20 Jan 2026,3,KPME Karnataka Portal,2026-01-19T09:49:44.287907
Dr.Gillians & Dr Chetans polyclinic,Clinic/Polyclinic with Dispensary,Allopathy,"Chetana nursing home premises, Mallundur road, chikkamagaluru",CHIKKAMAGALURU,CKM00304ALCWD,09 Jul 2028,3,KPME Karnataka Portal,2026-01-19T09:49:44.331487
Susheela dentacare,Dental Lab or Clinic,Allopathy,Sara arcade Melkar,,DKA03231ALDEN,28 Nov 2030,3,KPME Karnataka Portal,2026-01-19T09:49:44.358634
Shri Sai Clinic,Clinic/Polyclinic Only Consultation,Homeopathy,"Shivaji Road, Yallur",,BLG00109HOCOC,07 Feb 2026,3,KPME Karnataka Portal,2026-01-19T09:49:44.385223
MAHAGANAPATHI DENTAL CLINIC,Dental Lab or Clinic,Allopathy,"MAHAGANAPATHI DENTAL CLINIC SHIVAKRUPA BULDING, NELLYADY PUTTUR TQ",,DKA00170ALDEN,21 Dec 2025,3,KPME Karnataka Portal,2026-01-19T09:49:44.426315
DR T RATHNAKAR,Clinic/Polyclinic Only Consultation,Allopathy,"First Floor, Athena Hospital Complex, Falnir Road, Mangalore",MANGALORE,DKA00029ALCOC,09 Oct 2025,3,KPME Karnataka Portal,2026-01-19T09:49:44.491826
Dhanvantri Clinic,Clinic/Polyclinic Only Consultation,Homeopathy,"Dhanvantri Clinic, Near Yallalingeshwar Medical, Sedam Road, Sulepeth,",,GLB00026HOCOC,08 Nov 2025,3,KPME Karnataka Portal,2026-01-19T09:49:44.525626
Makandar Clinic,Clinic/Polyclinic Only Consultation,Homeopathy,Behind Quba Majid Kudachi-591311,,BLG00028HOCOC,10 Nov 2025,3,KPME Karnataka Portal,2026-01-19T09:49:44.589079
Upadhye Dispensary,Clinic/Polyclinic Only Consultation,Ayurveda,"Tarihal Road, Vijay Nagar, Halaga",,BLG00011AYCOC,10 Sep 2025,3,KPME Karnataka Portal,2026-01-19T09:49:44.669351
SURAKSHA HOMEOPATHY HEALTHCARE,Clinic/Polyclinic Only Consultation,Homeopathy,"#91, 19TH MAIN, 60 FEET ROAD, 6TH BLOCK, KORAMANGALA",,BLU03657HOCOC,06 Sep 2027,3,KPME Karnataka Portal,2026-01-19T09:49:44.741956
Saraswati Children Clinic,Clinic/Polyclinic Only Consultation,Allopathy,"Wari Complex, Opposite Corporation Office, Lamington Road, Hubli",HUBLI,DWR00212ALCOC,01 Mar 2026,3,KPME Karnataka Portal,2026-01-19T09:49:44.828567
AIMAN CLINIC,Clinic/Polyclinic with Observation,Ayurveda,"SUBHASH CIRCLE, STATION ROAD, HAVERI",HAVERI,HVR00034AYCWO,11 Feb 2026,3,KPME Karnataka Portal,2026-01-19T09:49:44.905800
Dhatri Health Care,Clinic/Polyclinic with Diagnostic Support,Allopathy,"Survey no. 3/2, Hagadur Colony, Near Sri Rama Temple, Immadihalli road, Whitefield",,BLU05747ALCDS,19 Oct 2028,3,KPME Karnataka Portal,2026-01-19T09:49:44.980805
CLOVE DENTAL Star Dental Centre Private Limited,Dental Lab or Clinic,Allopathy,"24, First Floor, Above Idea Showroom, S.T Bed Extension, Koramangala, Bengaluru -",BENGALURU,BLU04755ALDEN,23 May 2028,3,KPME Karnataka Portal,2026-01-19T09:49:45.042211
KOAL DIAGNOSTICS,Clinic/Polyclinic with Diagnostic Support,Allopathy,"#3/7-5, 3RD CROSS, DR.MARIYAPPA ROAD, KORAMANGALA 2ND BLOCK, MADIWALA POST, BANGALORE-560068.",BANGALORE,BLU00636ALCDS,06 Sep 2025,3,KPME Karnataka Portal,2026-01-19T09:49:45.105033
ARVIND ENT CLINIC,Clinic/Polyclinic Only Consultation,Allopathy,"NO. 32, ARVIND COMPLEX, OPP TO METRO TRAIN PILLAR NO. 44, KANAKAPURA MAIN ROAD, J.P. NAGAR POST, BANGALORE 560078",BANGALORE,BLU00699ALCOC,17 Sep 2025,3,KPME Karnataka Portal,2026-01-19T09:49:45.176329
PERFECT PEARLS ORTHODONTIC AND IMPLANT CENTER,Dental Lab or Clinic,Allopathy,"#63/2,GROUND FLOOR, 18TH CROSS, MALLESHWARAM",,BLU00793ALDEN,07 Oct 2025,3,KPME Karnataka Portal,2026-01-19T09:49:45.252909
KVG AYURVEDA MEDICAL COLLEGE AND HOSPITAL,Hospital (Level 4)(Teaching),Ayurveda,"Ambate Adka, Kurunjibag, Sullia",,DKA01139AYHL4,21 Jul 2027,3,KPME Karnataka Portal,2026-01-19T09:49:45.335287
VIJAYA CLINIC,Clinic/Polyclinic Only Consultation,Ayurveda,MARKET MAIN ROAD KAVITAL,,RCR00302AYCOC,16 Jun 2028,3,KPME Karnataka Portal,2026-01-19T09:49:45.403458
SHREE RAKSHA CLINIC,Clinic/Polyclinic Only Consultation,Homeopathy,"Zansi Laxmi Road, Tq.Alnavar, Dist.Dharwad.",DHARWAD,DWR01426HOCOC,14 Oct 2030,3,KPME Karnataka Portal,2026-01-19T09:49:45.482162
SWASTIKA HOSPITAL,Specialty / Super-Specialty Specific Hospital,Allopathy,"NEAR JAIL CIRCLE, KUVEMPU ROAD",,SMG00047ALSSH,17 May 2026,3,KPME Karnataka Portal,2026-01-19T09:49:45.555343
CLINRAD DIAGNOSTICS& RESEARCH CENTRE,Clinic/Polyclinic with Diagnostic Support,Allopathy,"#725, CMH ROAD,NEAR CMH HOSPITAL. INDIRA NAGAR, BANGALORE-560038",BANGALORE,BLU00679ALCDS,15 Sep 2025,3,KPME Karnataka Portal,2026-01-19T09:49:45.620639
ASHWINI CLINIC,Clinic/Polyclinic Only Consultation,Ayurveda,NEAR KSRTC DEPO NO 1 OPP MUNDEWADI HOSPITAL VISHAL NAGAR VIJAYAPUR,,BIJ00187AYCOC,02 Apr 2026,3,KPME Karnataka Portal,2026-01-19T09:49:45.673833
BALAJI CLINIC,Clinic/Polyclinic Only Consultation,Ayurveda,MAIN ROAD KAVITHAL,,RCR00304AYCOC,26 Jun 2028,3,KPME Karnataka Portal,2026-01-19T09:49:45.703849
KRISHNA CLINIC,Clinic/Polyclinic Only Consultation,Allopathy,"No.40, Ground Floor, 1st Main Road, Saraswathipuram Main Road, Nandini Layout, Bangalore",BANGALORE,BLU00668ALCOC,10 Sep 2025,3,KPME Karnataka Portal,2026-01-19T09:49:45.743445
JEEVAMRUT CLINIC,Clinic/Polyclinic Only Consultation,Ayurveda,"#60, Mahasati Nilaya, 7th Cross, Sangolli Rayanna Nagar, Dharwad",DHARWAD,DWR00039AYCOC,28 Sep 2025,3,KPME Karnataka Portal,2026-01-19T09:49:45.793492
DR. REDDYS CREATIVE SMILES,Dental Lab or Clinic,Allopathy,"# 301 , 1ST ‘D CROSS , 2ND ‘C’ MAIN , 8TH BLOCK , KORAMANGALA, BANGALORE",BANGALORE,BLU13385ALDEN,15 Jan 2031,3,KPME Karnataka Portal,2026-01-19T09:49:45.858709
PRIME ORTHOPEDICS,Clinic/Polyclinic Only Consultation,Allopathy,"NO 1309 , KANASU , 1ST FLOOR , 9TH CROSS , J.P NAGAR , 1ST PHASE , BANGALORE",BANGALORE,BLU00767ALCOC,25 Sep 2025,3,KPME Karnataka Portal,2026-01-19T09:49:45.940579
Sree Ayyappan Temple Medical Centre,Clinic/Polyclinic with Diagnostic Support,Allopathy,"Temple Community Hall Complex, Pipeline Road ,Prasanth Nagar , T Dasarahalli ,Bengaluru -560057",BENGALURU,BLU12177ALCDS,14 Sep 2030,3,KPME Karnataka Portal,2026-01-19T09:49:46.023798
Wellcare Clinic,Clinic/Polyclinic with Observation,Allopathy,K.No.25.PRO.NO.152900402003400039 1st Floor Bangalore and Mysore Road,MYSORE,RMG00015ALCWO,14 Apr 2026,3,KPME Karnataka Portal,2026-01-19T09:49:46.056283
Rahi Diagnostics,Diagnostic Imaging Centre,Allopathy,"# 12-10-52/B, Kadam Factory Premises, Near Gandhi Chowk",,RCR00019ALDIC,11 Apr 2026,3,KPME Karnataka Portal,2026-01-19T09:49:46.092765
Specialist Center,Clinic/Polyclinic Only Consultation,Allopathy,"1st Floor, Hemavathi Building, Balmatta, Mangalore",MANGALORE,DKA00162ALCOC,20 Nov 2025,3,KPME Karnataka Portal,2026-01-19T09:49:46.176872
Jeeva Kirana Clinic,Clinic/Polyclinic Only Consultation,Allopathy,"Jeeva Kirana Clinic, 5th Main Lenin Nagar Nituvalli",,DVG00284ALCOC,30 Mar 2027,3,KPME Karnataka Portal,2026-01-19T09:49:46.222485
aadya health junction,AYUSH Therapy Centre,Ayurveda,"door no. 23, behind ramkrishna nursing college, bypass road, in front of A.I.T. girls hostel,kalyan nagar",,CKM00027AYATC,11 Nov 2025,3,KPME Karnataka Portal,2026-01-19T09:49:46.294656
DAVANAGERE CLINIC,Clinic/Polyclinic with Diagnostic Support,Allopathy,NEAR TEMPLE UCHANGI DURGA HARAPANAHALLI,,BEL00078ALCDS,10 Jan 2026,3,KPME Karnataka Portal,2026-01-19T09:49:46.378493
CHILD CARE CLINIC,Clinic/Polyclinic Only Consultation,Allopathy,"#58, 15TH CROSS, 1ST BLOCK, R T NAGAR, Bangalore-560032",BANGALORE,BLU01161ALCOC,20 Nov 2025,3,KPME Karnataka Portal,2026-01-19T09:49:46.478704
AYUSH AYURVEDIC CENTRE,Clinic/Polyclinic Only Consultation,Ayurveda,"SHESHA KRUPA GANDHINAGAR 2ND CROSS, NEAR POST OFFICE, BALLARI",BALLARI,BEL00103AYCOC,03 Feb 2026,3,KPME Karnataka Portal,2026-01-19T09:49:46.567850
SUDHENU CLINIC,Clinic/Polyclinic Only Consultation,Ayurveda,"Near vandana Talkies, K.R. Puram, Opp. Sharavathi Coffee Works, Shimoga.",,SMG00056AYCOC,09 Jun 2026,3,KPME Karnataka Portal,2026-01-19T09:49:46.669870
KARTHIK DIAGNOSTIC CENTRE,Diagnostic Imaging Centre,Allopathy,"SHIVSHETTY TOWERS, BEHIND STOP AND SHOP, JAYANAGAR, SEDAM ROAD, KALABURAGI-585105",KALABURAGI,GLB00055ALDIC,30 Nov 2025,3,KPME Karnataka Portal,2026-01-19T09:49:46.765192
RENUKA CLINIC,Clinic/Polyclinic Only Consultation,Ayurveda,REDDY COMPLEX MAIN ROAD SULEPETH TQ.CHINCHOLI DIST.KALABURAGI-585324,KALABURAGI,GLB00386AYCOC,15 Dec 2026,3,KPME Karnataka Portal,2026-01-19T09:49:46.859399
ACHI MEDICAL CENTER,Clinic/Polyclinic Only Consultation,Allopathy,"#133, 9TH CROSS, CHAMRAJPET, BANGALORE.",BANGALORE,BLU01564ALCOC,24 Feb 2026,3,KPME Karnataka Portal,2026-01-19T09:49:46.954527
PATIL CLINIC,Clinic/Polyclinic Only Consultation,Homeopathy,MALLADIHALLI VILLAGE HOLALKERE TALUK CHITRADURGA DIST,CHITRADURGA,CTR00079HOCOC,15 May 2026,3,KPME Karnataka Portal,2026-01-19T09:49:47.044019
DHARMA NURSING HOME,Hospital (Level 1B),Allopathy,"LIONS CLUB ROAD, SURATHKAL, MANGALORE",MANGALORE,DKA00461ALH1B,06 Jun 2026,3,KPME Karnataka Portal,2026-01-19T09:49:47.142879
SIDDAGANGA CLINIC,Clinic/Polyclinic Only Consultation,Ayurveda,"# 188/200/141/2, DEVIRAMMANAHALLI, GATE, OOTY MAIN ROAD, BESIDE NANDI CONVENTION HALL, NANJANGUD - 571301",,MYS00524AYCOC,01 Jun 2027,3,KPME Karnataka Portal,2026-01-19T09:49:47.226206
CHAITRA HOSPITAL,Hospital (Level 1A),Allopathy,"Y.R.Puttanna, I.H.Road, Basaveshwara Block, K.R.Nagar.",,MYS00622ALH1A,07 Jul 2027,3,KPME Karnataka Portal,2026-01-19T09:49:47.323553
DIXIT AAROGYA DHAAMA,Hospital (Level 1B),Ayurveda,"# 12, MAIN ROAD, C BLOCK 3RD STAGE VIJAYANAGAR, MYSORE-570017",MYSORE,MYS00441AYH1B,20 May 2027,3,KPME Karnataka Portal,2026-01-19T09:49:47.417999
SRI KRISHNA CLINIC,Clinic/Polyclinic Only Consultation,Homeopathy,PATTANA PANCHAYAT COMPLEX SHOP NO 25 NEAR KSRTC BUS STAND MARIYAMMANAHALLI POST,,VIJ00324HOCOC,19 Jul 2029,3,KPME Karnataka Portal,2026-01-19T09:49:47.493194
Samruddhi dental speciality clinic,Dental Lab or Clinic,Allopathy,"Samruddhi dental clinic, first floor vyagra chamundeshwari building,masthikatte ,ullal",,DKA00759ALDEN,31 Mar 2027,3,KPME Karnataka Portal,2026-01-19T09:49:47.567177
SHRI RENUKA CLINIC,Clinic/Polyclinic with Diagnostic Support,Allopathy,"New Bridge Road, Old Town, Opp. Siddaruda Mutt, Bhadravathi",,SMG00067ALCDS,25 Oct 2026,3,KPME Karnataka Portal,2026-01-19T09:49:47.653298
AROORS CLINIC AND NURSING HOME BAILUR,Hospital (Level 2),Allopathy,Aroors Clinic Nursing home Bailur Karkala taluk,,UDP00520ALHL2,13 Jan 2027,3,KPME Karnataka Portal,2026-01-19T09:49:47.728081
Smile care dental speciality clinic,Dental Lab or Clinic,Allopathy,Fernandez complex opp.rama bhajana Mandir tenka yedapadavu,,DKA02205ALDEN,22 May 2029,3,KPME Karnataka Portal,2026-01-19T09:49:47.791815
SHREE BANASHREE CLINIC,Clinic/Polyclinic with Dispensary,Ayurveda,"MARUTI NAGAR, 1ST MAIN, RANEBENNUR",,HVR00239AYCWD,12 Oct 2026,3,KPME Karnataka Portal,2026-01-19T09:49:47.872916
HEALING TREE HOSPITAL,Hospital (Level 2),Allopathy,CMC NO 8 10 215/1 NEAR NEHRU STADIUM NEW HOUSING COLONY BIDAR,BIDAR,BDR00038ALHL2,25 May 2026,3,KPME Karnataka Portal,2026-01-19T09:49:47.945933
SUKSHEMAA DENTAL CLINIC,Dental Lab or Clinic,Allopathy,DOOR 660/6 BEHIND YOGI REDDY BUILDING KALIDASA CIRCLE JAYANAGAR B BLOCK DAVANAGERE 577008,DAVANAGERE,DVG00257ALDEN,13 Feb 2027,3,KPME Karnataka Portal,2026-01-19T09:49:48.016814
Shri Banashankari Hospital,Hospital (Level 2),Allopathy,"Near Head Post Office, Guledagudda",,BGK00157ALHL2,20 Sep 2026,3,KPME Karnataka Portal,2026-01-19T09:49:48.052688
SRI ANANTHESHWARA RURAL CLINIC,Clinic/Polyclinic Only Consultation,Integrated System,MAIN ROAD NARAVI BELTHANGADY TQ DK,,DKA00445ISCOC,09 May 2026,3,KPME Karnataka Portal,2026-01-19T09:49:48.086095
Amruth Polyclinic,Clinic/Polyclinic with Diagnostic Support,Allopathy,"No. 64, 6th main Santrupthi nagar, Gowri Shankara Temple Road, J.P. Nagar 7th Phase, Kothanur Dinne Road, Bangalore",BANGALORE,BLU01882ALCDS,03 May 2026,3,KPME Karnataka Portal,2026-01-19T09:49:48.114235
anand clinical and diagnostic lab,Medical Diagnostic Laboratory,Allopathy,"behind prafull medicals, kulshekar main road",,DKA00525ALMDL,17 Aug 2026,3,KPME Karnataka Portal,2026-01-19T09:49:48.190618
Shivaleela Multispecialty Dental and Orthodontic Clinic,Dental Lab or Clinic,Allopathy,"Look Building, 14th Cross, Vidygeri, Bagalkot",,BGK00382ALDEN,08 Jun 2027,3,KPME Karnataka Portal,2026-01-19T09:49:48.293113
SREE NIDHI TRUST REHABILITATION SPIRITUAL TREATMENT,Clinic/Polyclinic Only Consultation,Allopathy,"SY NO 215/5, NEAR KEB SATION MANDUR VILLAGE BIDARALLI HOBLI, VIRGONAGAR POST, BANGALORE-560049",BIDAR,BLU01736ALCOC,31 Mar 2026,3,KPME Karnataka Portal,2026-01-19T09:49:48.340810
CAUVERY CLINIC,Clinic/Polyclinic Only Consultation,Allopathy,"TEMPLE ROAD, BELUR TALUK, HASSAN DIST.",HASSAN,HSN00087ALCOC,30 Dec 2026,3,KPME Karnataka Portal,2026-01-19T09:49:48.405196
TANVI MEDICAL CENTER,Medical Diagnostic Laboratory,Allopathy,"BHAGI ARC, NEAR 1ST RAILWAY BRIDGE, MARNAMIKATTA, MANGALORE",MANGALORE,DKA00526ALMDL,17 Aug 2026,3,KPME Karnataka Portal,2026-01-19T09:49:48.466634
2,1,1 2 3 4 5 6 7 8 9 10 ...,3,,5,4,3,KPME Karnataka Portal,2026-01-19T09:49:48.570173
3,2,1,4,,6,5,3,KPME Karnataka Portal,2026-01-19T09:49:48.630585
V.T.Health Center,Clinic/Polyclinic Only Consultation,Allopathy,"Lions Club road,Doddaballapura Taluk",,BLR00148ALCOC,03 Apr 2027,4,KPME Karnataka Portal,2026-01-19T09:49:52.303632
AYUSH WELLNESS CLINIC,AYUSH Therapy Centre,Yoga and Naturopathy,"OPP K.D.C.C BANK OLD POST OFFICE ROAD, KUMTA",,UKA00117YNATC,19 May 2027,4,KPME Karnataka Portal,2026-01-19T09:49:52.392956
SHREE MATERNITY AND NURSING HOME,Hospital (Level 1A),Allopathy,"SHREE MATERNITY AND NURSING HOME, SARASWATI DODAM, BEHIND VADIRAJ BHAVAN, KALABURGI",,GLB00179ALH1A,19 Mar 2026,4,KPME Karnataka Portal,2026-01-19T09:49:52.440346
JYOTHI CLINIC,Clinic/Polyclinic Only Consultation,Allopathy,"1ST CROSS, NEHRU COLONY, BALLARI",BALLARI,BEL00382ALCOC,26 Sep 2027,4,KPME Karnataka Portal,2026-01-19T09:49:52.473556
ASHRAYA CLINIC,Clinic/Polyclinic Only Consultation,Allopathy,"4 th cross, Sampige Road, Hassan.",HASSAN,HSN00075ALCOC,17 Oct 2026,4,KPME Karnataka Portal,2026-01-19T09:49:52.540483
VIJAYA NURSING HOME,Hospital (Level 1A),Allopathy,NEAR DEVARKONDAPPA CIRLCE,,BLU01711ALH1A,24 Mar 2026,4,KPME Karnataka Portal,2026-01-19T09:49:52.625369
NANDINI CLINIC,Clinic/Polyclinic Only Consultation,Ayurveda,"PUJARI COMPLEX, VIDYANAGAR HALATTI, CHIKKODI-591201 TQ.CHIKKODI DT.BELAGAVI",BELAGAVI,BLG00275AYCOC,16 May 2026,4,KPME Karnataka Portal,2026-01-19T09:49:52.713982
M/s Mrudagiri Hospital Mundargi,Clinic/Polyclinic with Observation,Allopathy,A B Nagar Mundargi 582118 Dist Gadag,GADAG,GDG00046ALCWO,06 Oct 2026,4,KPME Karnataka Portal,2026-01-19T09:49:52.800494
S B DIABETIC CENTRE,Clinic/Polyclinic Only Consultation,Allopathy,"#14-2ND FLOOR, LAHOTI ENCLAVE, STATION ROAD KALABURAGI-585102",KALABURAGI,GLB00333ALCOC,20 Sep 2026,4,KPME Karnataka Portal,2026-01-19T09:49:52.891424
AYUSH HEALTH CARE,AYUSH Therapy Centre,Ayurveda,"Dr.Kavita Chavan, Ayush Health Care, Main Road, Hunasagi, Tq-Hunasagi Dist-Yadagiri",,YDR00028AYATC,01 Feb 2026,4,KPME Karnataka Portal,2026-01-19T09:49:52.987292
VEDAMAROGYA AYURVEDA HEALTH CENTRE,AYUSH Therapy Centre,Ayurveda,3W-3-103/3 NEAR VENTURA APARTMENTS KADRI KAMBLA ROAD KADRI MANGALORE,MANGALORE,DKA00553AYATC,28 Sep 2026,4,KPME Karnataka Portal,2026-01-19T09:49:53.082419
Srinidhi Clinic,Clinic/Polyclinic with Observation,Allopathy,Jyothi Nagar Street Mulbagal,,KLR00048ALCWO,12 Aug 2026,4,KPME Karnataka Portal,2026-01-19T09:49:53.169104
SHREE CLINIC,Clinic/Polyclinic with Observation,Allopathy,"No.2, Bhadrappa Layout, Kodigehalli Main Road, Bengaluru - 560092",BENGALURU,BLU02251ALCWO,23 Aug 2026,4,KPME Karnataka Portal,2026-01-19T09:49:53.257739
NOBLE MULTISPECIALITY HOSPITALS,Hospital (Level 2),Allopathy,"No.87, Noble Residency Road, Doddakamanahalli Main Road, Central Excise Layout, B G Road Bangalore-560068",BANGALORE,BLU02191ALHL2,12 Aug 2026,4,KPME Karnataka Portal,2026-01-19T09:49:53.353803
Dr MS KHAN NOBLE MATERNITY AND GENERAL HOSPITAL,Hospital (Level 2),Allopathy,"H.NO 8-1544/64/31, BESIDE AQSA MASJID, MUSLIM SUNGH, TAJ NAGAR, RING ROAD, KALABURAGI",KALABURAGI,GLB00425ALHL2,20 Jan 2027,4,KPME Karnataka Portal,2026-01-19T09:49:53.437446
MODERN CLINIC,Clinic/Polyclinic with Dispensary,Unani,WARD NO 06 MARWADI GALLI POST ILKAL TQ HUNGUND DT BAGALKOT,,BGK00277UNCWD,16 Mar 2027,4,KPME Karnataka Portal,2026-01-19T09:49:53.519467
BHARAT CLINIC,Clinic/Polyclinic with Dispensary,Ayurveda,No12A1 WARD NO 7 ALAMPUR PETH POST ILKAL,,BGK00703AYCWD,09 Nov 2028,4,KPME Karnataka Portal,2026-01-19T09:49:53.597884
Sankalpa Hospital,Hospital (Level 3)(Non-Teaching with Super Specialty Services),Allopathy,"# 12-11-76, Sath Kacheri Road, Basaveshwara Circle",,RCR00092ALHL3,24 Aug 2027,4,KPME Karnataka Portal,2026-01-19T09:49:53.680110
S.S. Memorial Shreyas Hospital,Hospital (Level 2),Allopathy,"Shanthinagar, Siddapur",,UKA00129ALHL2,24 May 2027,4,KPME Karnataka Portal,2026-01-19T09:49:53.765110
SPECIALISTS CLINIC,Clinic/Polyclinic Only Consultation,Allopathy,"VIDYA DAYINEE COMPLEX, HONNAKATTE JUNCTION ,KULAI MANGALURU",,DKA00658ALCOC,01 Mar 2027,4,KPME Karnataka Portal,2026-01-19T09:49:53.805980
Mruthyunjaya Clinic,Clinic/Polyclinic with Dispensary,Ayurveda,"Chikkerur, Tq- Hirekerur",,HVR00309AYCWD,05 Jun 2027,4,KPME Karnataka Portal,2026-01-19T09:49:53.844596
RENU S SKIN AND HAIR CLINIC,Clinic/Polyclinic with Diagnostic Support,Allopathy,"NO.17, 2ND FLOOR, 17TH CROSS, 9TH MAIN, SECTOR-7, HSR LAYOUT, BANGALORE-560120.",BANGALORE,BLU02896ALCDS,18 Jan 2027,4,KPME Karnataka Portal,2026-01-19T09:49:53.878656
SIDDALAXMI HEALTH SERVICES,Hospital (Level 1A),Allopathy,H NO 19-6-184 SHIVANAGAR NORTH BIDAR,BIDAR,BDR00118ALH1A,16 Mar 2027,4,KPME Karnataka Portal,2026-01-19T09:49:53.914199
Sooraj Clinic Mother Care Centre,Hospital (Level 1B),Allopathy,"no 231, 1st main, 3rd phase, manjunathnagar",,BLU02964ALH1B,02 Feb 2027,4,KPME Karnataka Portal,2026-01-19T09:49:53.956987
SANJEEVINI CLINIC,Clinic/Polyclinic with Dispensary,Allopathy,KRS AGRAHARA B M ROAD KUNIGAL TALUK TUMKUR DISTRICT 572130,,TMK00317ALCWD,27 Feb 2027,4,KPME Karnataka Portal,2026-01-19T09:49:54.026642
Dhanvanthari Clinic,Clinic/Polyclinic Only Consultation,Ayurveda,Kamatagi,,BGK00411AYCOC,17 Jun 2027,4,KPME Karnataka Portal,2026-01-19T09:49:54.103239
Shri Basaveshwara Clinic,Clinic/Polyclinic Only Consultation,Homeopathy,Tegginamath complex Bagalkot Road Hungund,,BGK00369HOCOC,07 Jun 2027,4,KPME Karnataka Portal,2026-01-19T09:49:54.184931
MRUTYUNJAYA CLINIC,Clinic/Polyclinic Only Consultation,Ayurveda,NEAR HANUMAN TEMPLE LOKAPUR,,BGK00455AYCOC,18 Jul 2027,4,KPME Karnataka Portal,2026-01-19T09:49:54.237158
HEALTH CARE DIAGNOSTIC LABORATORY,Medical Diagnostic Laboratory,Allopathy,"148, Adishakti Building, Sambhaji Road, Khasbag, Belagavi",BELAGAVI,BLG00922ALMDL,11 Dec 2027,4,KPME Karnataka Portal,2026-01-19T09:49:54.271776
SHRI BASAVESHWAR CLINIC KENDUR,Clinic/Polyclinic Only Consultation,Ayurveda,AT KENDUR POST KUTAKANAKERI TA BADAMI DIST BAGALKOT 587201,,BGK00483AYCOC,19 Sep 2027,4,KPME Karnataka Portal,2026-01-19T09:49:54.303280
BUDIHAL CLINIC,Clinic/Polyclinic with Dispensary,Ayurveda,BUDIHAL CLINIC GADDANAKERI,,BGK00769AYCWD,24 Jun 2029,4,KPME Karnataka Portal,2026-01-19T09:49:54.342969
M/s Dharwad Blood Bank,Blood Bank,Allopathy,No- 9925/3 1st floor Sukruth building OPP to K C park Main gate P B road Dharwad,DHARWAD,DWR00822ALBLB,02 Nov 2028,4,KPME Karnataka Portal,2026-01-19T09:49:54.384898
CITY LABORATORY,Medical Diagnostic Laboratory,Allopathy,"Kn1092/09/10/11,Shop no 2,Ground Floor Maruthi Nagar, Bagalur Main Road, Sarjapura, Bangalore -562125",BANGALORE,BLU03253ALMDL,04 Apr 2027,4,KPME Karnataka Portal,2026-01-19T09:49:54.413637
Anupama Hospital,Hospital (Level 1A),Allopathy,"72/3CIIQ Road, BEL Layout, 2nd Phase, Near Karnataka Bank, Bangalore-560091",BANGALORE,BLU03205ALH1A,29 Mar 2027,4,KPME Karnataka Portal,2026-01-19T09:49:54.475794
BASAVASHREE CLINIC,Clinic/Polyclinic Only Consultation,Ayurveda,"Purohit Nagar, Kalghatagi Road, Dharwad.",DHARWAD,DWR00557AYCOC,22 Oct 2027,4,KPME Karnataka Portal,2026-01-19T09:49:54.555553
SAI CLINIC,Clinic/Polyclinic Only Consultation,Allopathy,"KOLACHALAM COMPOUND, OPP. OLD KSRTC BUS STAND, BALLARI",BALLARI,BEL00336ALCOC,13 Jun 2027,4,KPME Karnataka Portal,2026-01-19T09:49:54.640371
CLEVERGENE BIOCORP PVT LTD,Medical Diagnostic Laboratory,Allopathy,"617, 5TH MAIN ROAD , OMBR LAYOUT , BANASWADI, BANGALORE-560043",BANGALORE,BLU02936ALMDL,26 Jan 2027,4,KPME Karnataka Portal,2026-01-19T09:49:54.727209
kaveri memorial hospital,Hospital (Level 2),Allopathy,mahaveer road. kalasa 577124,,CKM00106ALHL2,15 May 2027,4,KPME Karnataka Portal,2026-01-19T09:49:54.806752
Shri J G Cooperative Hospital Societys Ayurvedic Medical College and Hospital,Hospital (Level 4)(Teaching),Ayurveda,"Dr. Gangadhar Nagar , Ghataprabha",,BLG00817AYHL4,04 Aug 2027,4,KPME Karnataka Portal,2026-01-19T09:49:54.901265
Prashanthi Clinic,Clinic/Polyclinic Only Consultation,Ayurveda,"TM Road, Rangenahalli",,CKM00093AYCOC,31 Mar 2027,4,KPME Karnataka Portal,2026-01-19T09:49:54.990951
ANUGRAHA DIABETES AND ENDOCRINOLOGY CENTER,Clinic/Polyclinic Only Consultation,Allopathy,"No.2-599/1/A, Opp. big Bazar, Jagat. Kalaburagi",KALABURAGI,GLB00607ALCOC,09 Aug 2027,4,KPME Karnataka Portal,2026-01-19T09:49:55.084734
KALAKALESHWAR CLINIC,Clinic/Polyclinic with Dispensary,Ayurveda,NEAR POST OFFICE AT POST GUDUR SC,,BGK00245AYCWD,27 Jan 2027,4,KPME Karnataka Portal,2026-01-19T09:49:55.172314
RURAL INDIA HEALTH PROJECT,Hospital (Level 1B),Allopathy,"Ammathi, Siddapur Road, Virajpet Taluk",,KDG00114ALH1B,03 Jul 2027,4,KPME Karnataka Portal,2026-01-19T09:49:55.239249
BLESSING CLINICAL LABORATORY,Medical Diagnostic Laboratory,Allopathy,"BASAVARADDI COMLEX, BELLATTI",,GDG00086ALMDL,13 Jan 2027,4,KPME Karnataka Portal,2026-01-19T09:49:55.300810
SHREE HARI DIABETES FOUNDATION,Clinic/Polyclinic Only Consultation,Allopathy,"# 176, HARIKRUPA ANIKETHANA ROAD, 1ST CROSS, KUVEMPUNAGAR, MYSORE - 570023",MYSORE,MYS00422ALCOC,09 May 2027,4,KPME Karnataka Portal,2026-01-19T09:49:55.404208
Meera healthcare,Clinic/Polyclinic with Dispensary,Ayurveda,"Meera health-care clinic, Main road Bajagoli, karkala TQ",,UDP00681AYCWD,05 Apr 2027,4,KPME Karnataka Portal,2026-01-19T09:49:55.493332
Cure well Hospital,Hospital (Level 1A),Allopathy,1-7-5C Khuba plot jajee Layout Kalaburagi,KALABURAGI,GLB00475ALH1A,21 Feb 2027,4,KPME Karnataka Portal,2026-01-19T09:49:55.586564
M/s MANAGULI HOSPITAL,Hospital (Level 1A),Allopathy,Near Vidhyaranya School Shahapur,,YDR00412ALH1A,06 Jan 2027,4,KPME Karnataka Portal,2026-01-19T09:49:55.678871
SRI VEERABHADRASWAMY CLINIC,Clinic/Polyclinic Only Consultation,Ayurveda,"SHOP NO 1, AIRPORT ROAD, BAGALUR VILLAGE AND POST BANGALORE NORTH - 562149.",BANGALORE,BLU04251AYCOC,14 Feb 2028,4,KPME Karnataka Portal,2026-01-19T09:49:55.779816
UDUPA CLINIC,Clinic/Polyclinic with Dispensary,Ayurveda,HALLADI HARKADI KUNDAPURA TALUK UDUPI DISTRICT,UDUPI,UDP00597AYCWD,04 Mar 2027,4,KPME Karnataka Portal,2026-01-19T09:49:55.884221
NISARGA CLINIC,Clinic/Polyclinic Only Consultation,Ayurveda,OPPOSITE SRI VEERAPULIKESHI BANK GANACHARI COMPLEX BADAMI,,BGK00322AYCOC,29 Mar 2027,4,KPME Karnataka Portal,2026-01-19T09:49:56.001278
CHETHANA CLINIC,Clinic/Polyclinic Only Consultation,Allopathy,"# 2151, AKBAR ROAD, MANDI MOHALLA, MYSORE - 570001",MYSORE,MYS00471ALCOC,26 May 2027,4,KPME Karnataka Portal,2026-01-19T09:49:56.076927
SRI KUMAR VIJAY POLY CLINIC,Clinic/Polyclinic Only Consultation,Ayurveda,Near Bus Stop Kerur,,BGK00472AYCOC,16 Aug 2027,4,KPME Karnataka Portal,2026-01-19T09:49:56.149069
VEDAANT EYE CARE AND HEALTH CENTRE,Hospital (Level 2),Allopathy,"1st Floor, Indira Heights Complex, Near Tatwadarsha Hospital, Shiggaon Layout, Vidyanagar, Hubballi",,DWR00476ALHL2,27 Aug 2027,4,KPME Karnataka Portal,2026-01-19T09:49:56.216349
HEAL AND HEALTH CLINIC,Clinic/Polyclinic with Dispensary,Ayurveda,"D.NO.2-418, GT ROAD, NANDAVARA JUNCTION, PANEMANGALORE, BANTWAL",MANGALORE,DKA01772AYCWD,24 Aug 2028,4,KPME Karnataka Portal,2026-01-19T09:49:56.283626
SRI POORNA CHILD HEALTH CARE,Clinic/Polyclinic with Diagnostic Support,Allopathy,"NO.11,12 JNANAKSHI ARCADE ,OPP TO JNANAKSHI SCHOOL ,RAJARAJESHWARI NAGAR ,BANGALORE -560098.",BANGALORE,BLU03498ALCDS,14 Jul 2027,4,KPME Karnataka Portal,2026-01-19T09:49:56.348448
SRI HANUMAN CLINIC,AYUSH Therapy Centre,Ayurveda,"TIPPURUDODDABELAVANGALA HOBLI, DODDABALLAPURA TALUK, BANGALORE RURAL DISTRICT-561203.",BANGALORE,BLR00087AYATC,20 Oct 2026,4,KPME Karnataka Portal,2026-01-19T09:49:56.440130
Ortho Clinic,Clinic/Polyclinic with Dispensary,Allopathy,Dr Shashiraj Shetty K K Shetty Building Near S B I Padubidri,,UDP00804ALCWD,23 Aug 2027,4,KPME Karnataka Portal,2026-01-19T09:49:56.513717
DOCTORS AVENUE,Clinic/Polyclinic Only Consultation,Allopathy,"GROUND FLOOR, WEST GATE TERMINUS BUILDING, FALNIR ROAD, MANGALORE",MANGALORE,DKA00596ALCOC,12 Dec 2026,4,KPME Karnataka Portal,2026-01-19T09:49:56.608353
Neo Health Clinics,Clinic/Polyclinic with Observation,Allopathy,"Legacy Building, 1st floor, Above IDFC Bank, Neeladri Road, Electronic City Phase 1, Bangalore",BANGALORE,BLU04940ALCWO,21 Jun 2028,4,KPME Karnataka Portal,2026-01-19T09:49:56.703827
SUSHMA CLINIC,Clinic/Polyclinic Only Consultation,Allopathy,"# 146, SUSHMA CLINIC, MOKSHA MARGA, SIDDARTHA LAYOUT, MYSORE - 570011",MYSORE,MYS00174ALCOC,16 Nov 2026,4,KPME Karnataka Portal,2026-01-19T09:49:56.771819
SHREE DANESHWARI CLINIC,Clinic/Polyclinic Only Consultation,Homeopathy,"At Post. KOTUR, Tq. Dist. Dharwad-580011",DHARWAD,DWR00336HOCOC,24 Jul 2026,4,KPME Karnataka Portal,2026-01-19T09:49:56.862144
Aarogyam Clinic,Clinic/Polyclinic Only Consultation,Ayurveda,"Aarogram clinic kodathi village Road Carmelaram post, Bengaluru",BENGALURU,BLU02149AYCOC,03 Aug 2026,4,KPME Karnataka Portal,2026-01-19T09:49:56.927141
Srilakshmi nursing home,Hospital (Level 2),Allopathy,"100 feet road,6th cross, near Ganapathi Temple, opp oxford school, Ravindranagar",,SMG00126ALHL2,23 Dec 2026,4,KPME Karnataka Portal,2026-01-19T09:49:57.016776
MIRACLE HEALTH HOSPITAL AND LAB,Hospital (Level 1A),Allopathy,"NO.8 AND 10, Y.N COMPLEX, UTTARAHALLI MAIN ROAD, DR.VISHNUVARDHAN ROAD, NEAR ROAYAL MART, BANGALORE-560061.",BANGALORE,BLU02012ALH1A,17 Jun 2026,4,KPME Karnataka Portal,2026-01-19T09:49:57.096759
SRI SAPTHAGIRI CLINIC,Clinic/Polyclinic Only Consultation,Ayurveda,"#189/2, JANATA COLONY, YARANDAHALLI, HENNAGARA POST, ANEKAL TALUK, BANGALORE-560105.",BANGALORE,BLU02103AYCOC,21 Jul 2026,4,KPME Karnataka Portal,2026-01-19T09:49:57.193228
PINK APPLE HEALTH CARE,Clinic/Polyclinic Only Consultation,Allopathy,"# 1372/A , GROUND FLOOR , 31ST B CROSS , 4TH T BLOCK , JAYANAGAR ,BANGALORE -560041",BANGALORE,BLU02123ALCOC,26 Jul 2026,4,KPME Karnataka Portal,2026-01-19T09:49:57.255866
JANATHA CLINIC,Clinic/Polyclinic Only Consultation,Ayurveda,"SURVEY NO 10/3, ABDUL RAZAK BUILDING, SHOP NO, 03. GOLLAHALLI MAIN ROAD, NEAR WIPRO GATE - No -6 SHIKARIPALYA , HULIMANGALA ANEKAL TALUK.",,BLU02150AYCOC,03 Aug 2026,4,KPME Karnataka Portal,2026-01-19T09:49:57.335774
S S HOSPITAL,Clinic/Polyclinic with Diagnostic Support,Allopathy,"Near ALG Crescent School, Mahadevpet Madikeri",,KDG00036ALCDS,01 Aug 2026,4,KPME Karnataka Portal,2026-01-19T09:49:57.394239
NISARGA CLINIC,Clinic/Polyclinic Only Consultation,Ayurveda,JOGIMATTI ROAD CHITRADURGA,CHITRADURGA,CTR00115AYCOC,03 Aug 2026,4,KPME Karnataka Portal,2026-01-19T09:49:57.467006
"Vikram Clinical Laboratories &amp; Research Centre,",Clinic/Polyclinic with Dispensary,Allopathy,"#7/1, Paramahamsa Road, Yadavagiri, Mysore.",MYSORE,MYS00127ALCWD,02 Sep 2026,4,KPME Karnataka Portal,2026-01-19T09:49:57.551786
CHITTARAGI HOSPITAL,Hospital (Level 2),Allopathy,"Shri Brahmanand Ashram Road, RABAKAVI",,BGK00348ALHL2,07 Jun 2027,4,KPME Karnataka Portal,2026-01-19T09:49:57.636011
HEALTH CARE CLINIC,Clinic/Polyclinic with Observation,Allopathy,"NEAR BUS STOP, NAVALUR",,DWR00337ALCWO,24 Jul 2026,4,KPME Karnataka Portal,2026-01-19T09:49:57.712120
JANANI DIAGNOSTIC CENTER,Clinic/Polyclinic with Diagnostic Support,Allopathy,S.N.PET MAIN ROAD KEWA COMPLEX BESIDE LAKSHMI VENKATESHWARA TEMPLE BALLARI,BALLARI,BEL00248ALCDS,07 Sep 2026,4,KPME Karnataka Portal,2026-01-19T09:49:57.809836
ARUNA MEDICAL & SURGICAL CLINIC,Clinic/Polyclinic with Dispensary,Ayurveda,MAIN ROAD MOODUBELLE,,UDP00481AYCWD,28 Nov 2026,4,KPME Karnataka Portal,2026-01-19T09:49:57.913768
JANANI DENTAL CLINIC,Dental Lab or Clinic,Allopathy,S.N PET MAIN ROAD KEWA COMPLEX BESIDE LAKSHMI VENKATESHWARA TEMPLE,,BEL00255ALDEN,07 Sep 2026,4,KPME Karnataka Portal,2026-01-19T09:49:57.976970
BINKADAKATTI CLINIC,Clinic/Polyclinic with Diagnostic Support,Ayurveda,BASTIBANA NEAR PUMPMA CIRLCE LAXMESHWAR,,GDG00028AYCDS,02 Jul 2026,4,KPME Karnataka Portal,2026-01-19T09:49:58.078794
NETHRALAYA EYE HOSPITAL,Hospital (Level 1A),Allopathy,"Near Private Bus Stand, Beside Maruthi Nursing Home, Hosadurga Town, Chitradurga District",CHITRADURGA,CTR00157ALH1A,01 Dec 2026,4,KPME Karnataka Portal,2026-01-19T09:49:58.165831
PRASAD CLINIC,Clinic/Polyclinic Only Consultation,Ayurveda,ANANDAPURAM SHETTER COMPLEX SAGAR ROAD NEAR GOVERNMENT HOSPITAL ANANDAPURAM SAGAR THALUK SHIMOGA,,SMG00198AYCOC,04 Apr 2027,4,KPME Karnataka Portal,2026-01-19T09:49:58.242394
NOVUS RETINA AND EYECARE,Clinic/Polyclinic with Observation,Allopathy,"1st floor, 2nd A cross, 1st block, HSR- Hosapalya main road, # 9 , Hosapalya, Bommanahalli p.o. Bangalore-560068",BANGALORE,BLU02761ALCWO,13 Dec 2026,4,KPME Karnataka Portal,2026-01-19T09:49:58.336504
SHUSHRUSHA HOSPITAL,Hospital (Level 3)(Non-Teaching with Super Specialty Services),Allopathy,"#421/357, B.B.ROAD, YELAHANKA OLD TOWN, BANGALORE-560064.",BANGALORE,BLU02801ALHL3,24 Dec 2026,4,KPME Karnataka Portal,2026-01-19T09:49:58.430559
TRUECARE POLY CLINIC,Clinic/Polyclinic with Diagnostic Support,Allopathy,"Devi Prasad,S.No 41/17 & 41/2 of Padu Village, Main road Kaup Kaup Taluk Udupi district.- 574106",UDUPI,UDP00596ALCDS,03 Mar 2027,4,KPME Karnataka Portal,2026-01-19T09:49:58.513822
JYOTI CLINIC JEWARGI,Clinic/Polyclinic Only Consultation,Ayurveda,SAJJAN COMPLEX SHOP NO .2 AND 3 FIRST FLOOR B B ROAD TQ.JEWARGI DIST.KALABURAGI -585310,KALABURAGI,GLB00459AYCOC,13 Feb 2027,4,KPME Karnataka Portal,2026-01-19T09:49:58.596937
DWARAKAMAYI CLINIC,Clinic/Polyclinic Only Consultation,Allopathy,LOT NO5 3RD BLOCKNARASIMHASWAMY NAGARSAMPIGE HALLI NATIONAL PARK BANNERGATTA BANGALORE,BANGALORE,BLU03053ALCOC,22 Feb 2027,4,KPME Karnataka Portal,2026-01-19T09:49:58.689341
YASH HOSPITAL,Specialty / Super-Specialty Specific Hospital,Allopathy,4924/3 MAHADWAR ROAD BELGAUM,BELGAUM,BLG00668ALSSH,15 Mar 2027,4,KPME Karnataka Portal,2026-01-19T09:49:58.787252
SAI DENTAL CLINIC,Dental Lab or Clinic,Allopathy,"M.G.ROAD, NEAR GOVT GENERAL HOSPITAL, CHINTHAMANI",,CBR00063ALDEN,04 Jan 2027,4,KPME Karnataka Portal,2026-01-19T09:49:58.896779
Care and Cure Clinic,Clinic/Polyclinic with Diagnostic Support,Allopathy,"U-01, Green glen layout, ORR, Bellandur, Bengaluru -560103",BENGALURU,BLU03761ALCDS,19 Sep 2027,4,KPME Karnataka Portal,2026-01-19T09:49:59.002939
HINDLABS,Medical Diagnostic Laboratory,Allopathy,"975/2 SUMAN FLAZA, FIRST FLOOR CIVIL HOSPITAL ROAD AYODYA NAGAR BELAGAVI TQ/DT-BELAGAVI-590001",BELAGAVI,BLG00511ALMDL,12 Jan 2027,4,KPME Karnataka Portal,2026-01-19T09:49:59.104191
FAMILY HEALTH CARE CLINIC,Clinic/Polyclinic with Dispensary,Ayurveda,"178/179, TV CENTRE, OPP. BUDA COMPLEX, BELAGAVI, 590019",BELAGAVI,BLG00536AYCWD,12 Jan 2027,4,KPME Karnataka Portal,2026-01-19T09:49:59.177236
H P Polyclinic,Clinic/Polyclinic Only Consultation,Allopathy,"NO 1,GROUND FLOOR,NEAR GOVERNAMENT BUS STAND,OPPOSITE APMC MARKET,B H ROAD,TARIKERE",,CKM00088ALCOC,31 Mar 2027,4,KPME Karnataka Portal,2026-01-19T09:49:59.265726
SPANDANA NURSING HOME,Hospital (Level 2),Allopathy,DR RAJKUMAR ROAD HULIYAR C.N.HALLI TALUK TUMKUR DISTRICT,,TMK00349ALHL2,12 Apr 2027,4,KPME Karnataka Portal,2026-01-19T09:49:59.354760
ASHWINI CLINIC,Clinic/Polyclinic Only Consultation,Ayurveda,"# 1691/N99, BASAVANAGUDI MAIN ROAD, TENT CIRCLE, KYATHAMARANAHALLI, K N PURA, MYSURU",MYSURU,MYS01970AYCOC,11 Nov 2030,4,KPME Karnataka Portal,2026-01-19T09:49:59.432969
Jaya Shree Clinic,Clinic/Polyclinic Only Consultation,Allopathy,Lions Bhavans Road,,BLR00142ALCOC,03 Apr 2027,4,KPME Karnataka Portal,2026-01-19T09:49:59.504111
SIDDHI CLINIC,Clinic/Polyclinic with Dispensary,Ayurveda,SITARAM COMPLEX BRAHMAVARA UDUPI,UDUPI,UDP00579AYCWD,01 Mar 2027,4,KPME Karnataka Portal,2026-01-19T09:49:59.585165
WELL CARE CLINIC AND LAOBORATORY,Clinic/Polyclinic with Diagnostic Support,Allopathy,"# 54, DODDAKAVALANDE, KAVALANDE HOBLI, NANJANGUD TALUK, MYSURU",MYSURU,MYS00525ALCDS,01 Jun 2027,4,KPME Karnataka Portal,2026-01-19T09:49:59.680072
Joshys Medical Center,Clinic/Polyclinic with Observation,Allopathy,"First Floor, No.40, MSH Layout, 1st Cross, Anandanagar, Bangalore - 560024",BANGALORE,BLU02748ALCWO,13 Dec 2026,4,KPME Karnataka Portal,2026-01-19T09:49:59.751479
Sri Skanda Ayurveda,Clinic/Polyclinic with Observation,Ayurveda,"No. 34, 2nd cross, Kaveri layout, Vijayanagar, Bangalore.",BANGALORE,BLU05165AYCWO,02 Aug 2028,4,KPME Karnataka Portal,2026-01-19T09:49:59.835885
PETERS DIAGNOSTICS,Clinic/Polyclinic with Diagnostic Support,Allopathy,"F -46, COMFORT TOWERS, OPP KALPANA THEATRE, OLD POST OFFICE ROAD, UDUPI 576101",UDUPI,UDP00472ALCDS,28 Nov 2026,4,KPME Karnataka Portal,2026-01-19T09:49:59.898013
MANDAKNALLI NEURO PSYCHIATRY HOSPITAL AND ALCOHOL DEADDICTION CENTRE,Hospital (Level 1A),Allopathy,"RAM MANDIR CIRCLE, JEWARGI ROAD, KALABURAGI-585102",KALABURAGI,GLB00338ALH1A,30 Sep 2026,4,KPME Karnataka Portal,2026-01-19T09:50:00.004260
MYSORE DIAGNOSTIC CENTRE PVT LTD,Diagnostic Imaging Centre,Allopathy,"# 1869, S S COMPLEX, 1ST FLOOR, OPP SATHYANARAYANA TEMPLE NEAR, RMC BUS STOP, MYSORE - 570021",MYSORE,MYS00245ALDIC,15 Dec 2026,4,KPME Karnataka Portal,2026-01-19T09:50:00.101643
2,1,1 2 3 4 5 6 7 8 9 10 ...,3,,5,4,4,KPME Karnataka Portal,2026-01-19T09:50:00.184096
3,2,1,4,,6,5,4,KPME Karnataka Portal,2026-01-19T09:50:00.278975
CARE AND CURE POLY CLINIC &DIAGNOSTICS CENTRE,Clinic/Polyclinic with Diagnostic Support,Allopathy,"NO.3/1,19TH A MAIN ,13TH CROSS,SRI VENKATESHWARA LAYOUT ,MADIWALA ,BTM 1ST STAGE ,BENGALORE -560068",,BLU02300ALCDS,29 Aug 2026,5,KPME Karnataka Portal,2026-01-19T09:50:03.971153
SHRI DURGA CLINIC,Clinic/Polyclinic with Dispensary,Ayurveda,HONNALA BRAHMAVARA UDUPI,UDUPI,UDP00465AYCWD,28 Nov 2026,5,KPME Karnataka Portal,2026-01-19T09:50:04.061123
NEWTOWN DIAGNOSTICS & HEALTHCARE,Diagnostic Imaging Centre,Allopathy,971/29 15TH A CROSS A SECTOR YELAHANKA NEWTOWN BANGALORE 64,BANGALORE,BLU02551ALDIC,29 Oct 2026,5,KPME Karnataka Portal,2026-01-19T09:50:04.151032
Anand Nursing Home,Hospital (Level 2),Allopathy,Ashok Nagar 2nd cross Ranebennur,,HVR00464ALHL2,29 Feb 2028,5,KPME Karnataka Portal,2026-01-19T09:50:04.227586
VIDYADHAR ORTHOPEDIC CENTRE,Clinic/Polyclinic with Observation,Allopathy,"NO 34, 7TH CROSS,6TH C MAIN, HMT LAYOUT RT NAGAR",,BLU07156ALCWO,24 Mar 2029,5,KPME Karnataka Portal,2026-01-19T09:50:04.321012
Shigihalli Shivappa Memorial Hospital,Hospital (Level 2),Allopathy,"Next to KSRTC bus Stand, Hangal Road Haveri",HAVERI,HVR00265ALHL2,02 Feb 2027,5,KPME Karnataka Portal,2026-01-19T09:50:04.410941
HARISHS MEDI LAB DIAGNOSTIC CENTRE,Medical Diagnostic Laboratory,Allopathy,"Opp. Vanavasi Ram Mandir, Station Road, Malamaddi, Dharwad.",DHARWAD,DWR00372ALMDL,27 Oct 2026,5,KPME Karnataka Portal,2026-01-19T09:50:04.493017
MAHALAKSHMI CLINIC,Clinic/Polyclinic Only Consultation,Allopathy,"SARVAJANIKA HOSTEL ROAD, VIDYARANYAPURAM, MYSORE",MYSORE,MYS00857ALCOC,12 Jun 2028,5,KPME Karnataka Portal,2026-01-19T09:50:04.586576
Dr JAYAPRAKASH CLINIC,Clinic/Polyclinic Only Consultation,Allopathy,"#43 2ND MAIN ,7TH CROSS PJ EXTENSION DAVANAGERE",DAVANAGERE,DVG00263ALCOC,13 Feb 2027,5,KPME Karnataka Portal,2026-01-19T09:50:04.663744
AROGYA DIAGNOSTIC LABORATORY,Medical Diagnostic Laboratory,Allopathy,"SHIVAKRUPA, KNO-547,IST FLOOR, NEAR MANI HOSPITAL, HASSAN",HASSAN,HSN00126ALMDL,16 Mar 2027,5,KPME Karnataka Portal,2026-01-19T09:50:04.721287
PATHANJALI AROGYADHAMA,Hospital (Level 1A),Yoga and Naturopathy,"DOOR NO-558/E, KADGI ROAD, NH 66, KUNDAPURA",,UDP00370YNH1A,29 Sep 2026,5,KPME Karnataka Portal,2026-01-19T09:50:04.819295
shambhavi dental clinic,Dental Lab or Clinic,Allopathy,"shambhavi dental clinic, suvarna theatre road, jamkhandi, pin-587301",,BGK00748ALDEN,03 Apr 2029,5,KPME Karnataka Portal,2026-01-19T09:50:04.906532
Dreams Foundation,Hospital (Level 1A),Allopathy,"Survey No.150, Hosapalya Village, Thataguni post , Kengeri Hobli, Bangalore - 560082",BANGALORE,BLU02446ALH1A,07 Oct 2026,5,KPME Karnataka Portal,2026-01-19T09:50:04.976395
J K SPECIALITY HOSPITAL,Hospital (Level 1A),Allopathy,"NO.8/3,SOMPURA VILLAGE ,KATHA NO.1737/1744,AGALAKUPPE GRAMAPANCHAYATH,NELAMANGALA,BENGALORE RURAL DISTRICT -562111",,BLR00052ALH1A,30 Sep 2026,5,KPME Karnataka Portal,2026-01-19T09:50:05.019905
SPANDAN CLINIC AND JANANI FERTILITY CENTRE,Clinic/Polyclinic with Diagnostic Support,Allopathy,"GF-04, LUXO-ANTIGO APPARTMENT HEMANT NAGAR MAIN ROAD KESHWAPUR HUBLI",HUBLI,DWR00369ALCDS,27 Oct 2026,5,KPME Karnataka Portal,2026-01-19T09:50:05.066153
Kanthi Nursing Home,Hospital (Level 2),Allopathy,APMC Cross Kanthi Nagar Sikkeri Road Navanagar Bagalkot,,BGK00224ALHL2,20 Dec 2026,5,KPME Karnataka Portal,2026-01-19T09:50:05.129528
SWASTHYA AYURVEDA CONSULTATION & PANCHAKARMA CENTER,AYUSH Therapy Centre,Ayurveda,"Plot no 2171, near Shivaterth appartment, Mahantesh nagar kanbargi road Belagavi",BELAGAVI,BLG00731AYATC,29 Jul 2027,5,KPME Karnataka Portal,2026-01-19T09:50:05.172644
Kiranagi Clinic,Clinic/Polyclinic with Diagnostic Support,Allopathy,Near T.V Station Humnabad road Kalaburagi-585103,KALABURAGI,GLB00490ALCDS,13 Mar 2027,5,KPME Karnataka Portal,2026-01-19T09:50:05.235253
MAHADESWARA CLINIC,Clinic/Polyclinic Only Consultation,Allopathy,"IDIGA MASJID BUILDING # ES 3 M G S ROAD, NANJANGUD, MYSORE - 571301",MYSORE,MYS00314ALCOC,10 Jan 2027,5,KPME Karnataka Portal,2026-01-19T09:50:05.333061
ST JOSEPH HOSPITAL,Hospital (Level 1B),Allopathy,"KAKKINJE, NERIYA ROAD,BELTHANGADY",,DKA00558ALH1B,06 Oct 2026,5,KPME Karnataka Portal,2026-01-19T09:50:05.416972
MED ORTHO CLINIC,Clinic/Polyclinic Only Consultation,Allopathy,"NO 1309 , POORNAPRAJNA LAYOUT MAIN ROAD , UTTARAHALLI , BANGALORE-560061",BANGALORE,BLU02488ALCOC,15 Oct 2026,5,KPME Karnataka Portal,2026-01-19T09:50:05.515980
SRI GANESHA CLINIC,Clinic/Polyclinic Only Consultation,Allopathy,SRI BANASHANKARI NILAYA DOOR NO 926/1A NITTUVALLI MAIN ROAD BHAGATH SING NAGARA DAVANAGERE,DAVANAGERE,DVG00260ALCOC,13 Feb 2027,5,KPME Karnataka Portal,2026-01-19T09:50:05.606143
TANMAY Diagnostic Center,Diagnostic Imaging Centre,Allopathy,"#276, Near Corporation Bank, Anjananagar, Magadi Main Road, Bangalore",BANGALORE,BLU02484ALDIC,10 Oct 2026,5,KPME Karnataka Portal,2026-01-19T09:50:05.696913
SANJEEVINI HEALTH CARE,Clinic/Polyclinic Only Consultation,Ayurveda,SANJEEVINI HEALTH CARE HUNASAGI TQ.,,YDR00139AYCOC,21 Oct 2026,5,KPME Karnataka Portal,2026-01-19T09:50:05.789644
Sri Sai Nethralaya Eye Clinic & Opticals,Clinic/Polyclinic with Observation,Allopathy,"No.3, SHOP NO 5 , GROUND FLOOR ,KHB LAYOUT, KENGERI SATELLITE TOWN ,BANGALORE 560060",BANGALORE,BLU02471ALCWO,10 Oct 2026,5,KPME Karnataka Portal,2026-01-19T09:50:05.875611
Vedika Clinic Medicals,Clinic/Polyclinic Only Consultation,Allopathy,"P No. 58, Sy No. 25, K No. 44, G F Andrahalli Main Road, Hegganahalli, Bangalore- 560091",BANGALORE,BLU02806ALCOC,29 Dec 2026,5,KPME Karnataka Portal,2026-01-19T09:50:05.970721
Sanjeevini Multi Speciality Hospital,Hospital (Level 2),Allopathy,"Hanchinamani Arcade, near old bus stand road, Shiggaon",,HVR00234ALHL2,10 Oct 2026,5,KPME Karnataka Portal,2026-01-19T09:50:06.064498
TEATREE HEALTHCARE PVT LTD,Hospital (Level 2),Allopathy,"#3, Plot No.37/2A Off, Hosur Rd, AECS Layout - A Block, Singasandra, Bengaluru, Karnataka 560068",BENGALURU,BLU02527ALHL2,22 Oct 2026,5,KPME Karnataka Portal,2026-01-19T09:50:06.151067
ARYA VAIDYA SALA KOTTAKKAL,AYUSH Therapy Centre,Ayurveda,14/1 MARUDEVA ENCLAVE 5TH CROSS 9TH MAIN JAYANAGAR 2ND BLOCK BANGALORE-560011,BANGALORE,BLU03815AYATC,27 Sep 2027,5,KPME Karnataka Portal,2026-01-19T09:50:06.238871
SIDDHAROODA CLINIC,Clinic/Polyclinic Only Consultation,Ayurveda,WALMIKI CIRCLE HUNASAGI,,YDR00134AYCOC,21 Oct 2026,5,KPME Karnataka Portal,2026-01-19T09:50:06.335016
M/s KEERTHI CLINIC,Clinic/Polyclinic Only Consultation,Ayurveda,HUNASAGI ROAD KAKKERA,,YDR00136AYCOC,21 Oct 2026,5,KPME Karnataka Portal,2026-01-19T09:50:06.425422
HEALTH BLOOM POLY CLINIC,Clinic/Polyclinic with Diagnostic Support,Allopathy,"No.795, 4th Main, BEML Layout, Thubarahalli, Bangalore -560066",BANGALORE,BLU02416ALCDS,24 Sep 2026,5,KPME Karnataka Portal,2026-01-19T09:50:06.512568
SAHARA POLYCLINIC,Clinic/Polyclinic Only Consultation,Allopathy,"NO 461 , 4TH CROSS , C .K NAGAR , ELECTRONIC CITY POST , BANGALORE -560100",BANGALORE,BLU02482ALCOC,10 Oct 2026,5,KPME Karnataka Portal,2026-01-19T09:50:06.554720
SRI VIJAYLAXMI SAIDAPUR HOSPITAL,Hospital (Level 1B),Allopathy,AMAR LAYOUT YADAGIRI,,YDR00119ALH1B,22 Sep 2026,5,KPME Karnataka Portal,2026-01-19T09:50:06.585288
SHRI DHANAVANTRI CLINIC,Clinic/Polyclinic Only Consultation,Allopathy,"NO 397/ 27 , 2ND MAIN , KAVIKA LAYOUT , DEEPANJALI NAGAR , BANGALORE-560026",BANGALORE,BLU02491ALCOC,15 Oct 2026,5,KPME Karnataka Portal,2026-01-19T09:50:06.613961
AddressHealth Child Speciality Clinic,Clinic/Polyclinic with Dispensary,Allopathy,"#133, 2nd Floor, Bank of Baroda Building, Vijayashree Layout, Hulimavu Gate",,BLU02027ALCWD,18 Jun 2026,5,KPME Karnataka Portal,2026-01-19T09:50:06.678075
DEVA MATA DISPENSARY,Clinic/Polyclinic Only Consultation,Ayurveda,"Russian Colony, Opp. Forest Office, Kargal, Sagar Taluk",,SMG00055AYCOC,09 Jun 2026,5,KPME Karnataka Portal,2026-01-19T09:50:06.772990
KALBURGI CEMENT PRIVATE LIMITED,Clinic/Polyclinic with Dispensary,Allopathy,CHATRASALA VILLAGE KHARCHKHED POST CHINCHOLI TALUKA KALABURAGI DISTRICT,KALABURAGI,GLB00132ALCWD,24 Jan 2026,5,KPME Karnataka Portal,2026-01-19T09:50:06.867964
Anusha diagnostic centre,Diagnostic Imaging Centre,Allopathy,Dr Prashantha Ishwar H S M C Road Mandya,MANDYA,MAN00039ALDIC,19 Jan 2026,5,KPME Karnataka Portal,2026-01-19T09:50:06.986843
SANJEEVINI HEART CARE CENTER,Clinic/Polyclinic with Diagnostic Support,Allopathy,"#10, GROUND FLOOR, 80 FEET ROAD, SBM COLONY, BSK FIRST STAGE, BENGALURU- 560050",BENGALURU,BLU12504ALCDS,04 Nov 2030,5,KPME Karnataka Portal,2026-01-19T09:50:07.082186
Nidhi Maternity Clinic,Diagnostic Imaging Centre,Allopathy,"Dr. Vijaykumar Shetty, Nidhi Maternity Clinic, Rag Lalith, K.M.Marg Udupi",UDUPI,UDP01518ALDIC,15 Dec 2030,5,KPME Karnataka Portal,2026-01-19T09:50:07.150376
ANUSHA DAYCARE CENTRE,Clinic/Polyclinic with Observation,Allopathy,"MEDICARE CENTRE, COURT ROAD UDUPI-576101",UDUPI,UDP00114ALCWO,24 May 2026,5,KPME Karnataka Portal,2026-01-19T09:50:07.225290
ANANYA DENTAL CLINIC,Dental Lab or Clinic,Allopathy,"# 04 , 7TH MAIN , 80 FT ROAD , HRBR LAYOUT , BANGALORE-560043",BANGALORE,BLU01802ALDEN,11 Apr 2026,5,KPME Karnataka Portal,2026-01-19T09:50:07.330507
Anjani laboratory and diagnostics,Medical Diagnostic Laboratory,Allopathy,"Khalid complex, near post office, malur",,KLR00019ALMDL,07 Aug 2026,5,KPME Karnataka Portal,2026-01-19T09:50:07.434377
JEEV MULTISPECIALITY HOSPITAL,Hospital (Level 1B),Allopathy,"SUVARN PLAZA, NEAR COURT COMPLEX OLD PB ROAD NIPPANI 591237",,BLG00283ALH1B,08 Jun 2026,5,KPME Karnataka Portal,2026-01-19T09:50:07.528292
DR N MADAPPA MEMORIAL DAY CARE CENTRE,Clinic/Polyclinic with Observation,Allopathy,"# 732, SHREE SRINIVASA NILAYA B, 3RD CROSS, TRIVENI NAGARA, T.NARASIPURA, MYSORE",MYSORE,MYS00289ALCWO,28 Dec 2026,5,KPME Karnataka Portal,2026-01-19T09:50:07.641026
MANJUNATH M N,Clinic/Polyclinic with Dispensary,Ayurveda,SRI DHANVI CLINIC KOPPA CHICKMAGALORE DISTRICT,,CKM00129AYCWD,02 Jun 2027,5,KPME Karnataka Portal,2026-01-19T09:50:07.756513
BGS JEEV,Hospital (Level 3)(Non-Teaching with Super Specialty Services),Allopathy,#42/2A B M ROAD,,RMG00004ALHL3,14 Apr 2026,5,KPME Karnataka Portal,2026-01-19T09:50:07.836291
Dhanvantari Clinic,Clinic/Polyclinic Only Consultation,Ayurveda,"Market road, Teligi",,BEL00241AYCOC,15 Aug 2026,5,KPME Karnataka Portal,2026-01-19T09:50:07.950241
AMMA CLINIC,Clinic/Polyclinic with Observation,Allopathy,BEHIND LIBRARY ROAD KOTE ARKALGUD,,HSN00056ALCWO,25 Aug 2026,5,KPME Karnataka Portal,2026-01-19T09:50:08.065347
Sushrut Clinic,Clinic/Polyclinic Only Consultation,Ayurveda,Mundargi,,GDG00025AYCOC,04 Jun 2026,5,KPME Karnataka Portal,2026-01-19T09:50:08.174013
ASHWINI AYUR CLINIC,Clinic/Polyclinic Only Consultation,Ayurveda,SUBHASH NAGARA SAJIPA MOODA NAGRI POST,,DKA00443AYCOC,09 May 2026,5,KPME Karnataka Portal,2026-01-19T09:50:08.276545
M/s. S L V Clinic,Clinic/Polyclinic Only Consultation,Ayurveda,"No-03,Uma Complex, Andrahalli, Vishaneedam Post, Bengaluru-560091",BENGALURU,BLU02680AYCOC,02 Dec 2026,5,KPME Karnataka Portal,2026-01-19T09:50:08.374861
BLOOM JP NAGAR,Clinic/Polyclinic Only Consultation,Allopathy,"SUNDAR VILLA,NO 922, NEXT TO RALIANCE DIGITAL, 9TH CROSS, 22ND MAIN, J P NAGAR 2ND PHASE, BANGALORE-560078",BANGALORE,BLU01735ALCOC,31 Mar 2026,5,KPME Karnataka Portal,2026-01-19T09:50:08.489396
Dhanwantari Ayur clinic,Clinic/Polyclinic Only Consultation,Ayurveda,"Y.S building, chetana nagar, kumpala, kotekar post, Mangalore",MANGALORE,DKA01027AYCOC,12 Jun 2027,5,KPME Karnataka Portal,2026-01-19T09:50:08.591587
CHANAKYA FOUNDATION BHIMA REHABILITATION CENTRE,Integrated Counseling Centre,Allopathy,"PLOT NO.100 SY NO.552, AUTO NAGAR BELAGAVI-590016 DT/TQ.BELAGAVI",BELAGAVI,BLG00271ALICC,16 May 2026,5,KPME Karnataka Portal,2026-01-19T09:50:08.702132
DR VIDYADHAR KINHAL CLINIC,Clinic/Polyclinic Only Consultation,Allopathy,"SN PET 1ST CROSS, BALLARI",BALLARI,BEL00318ALCOC,13 Jun 2027,5,KPME Karnataka Portal,2026-01-19T09:50:08.820881
HILL BLOOMS,Clinic/Polyclinic with Observation,Allopathy,MAIN ROAD NELLIAHUDIKERI,,KDG00013ALCWO,23 Jun 2026,5,KPME Karnataka Portal,2026-01-19T09:50:08.919111
ASHWINI CLINIC,Clinic/Polyclinic Only Consultation,Allopathy,DOOR NO 548/3 SARASWATHI NAGARA DAVANAGERE,DAVANAGERE,DVG00229ALCOC,26 Oct 2026,5,KPME Karnataka Portal,2026-01-19T09:50:08.977177
ANAND CRITICARE HOSPITAL,Hospital (Level 2),Allopathy,"DR METGE COMPLEX NEAR DISTRICT JAIL ,JAIL COLONY BIDAR",BIDAR,BDR00074ALHL2,03 Oct 2026,5,KPME Karnataka Portal,2026-01-19T09:50:09.063170
CAVALIER HOSPITAL,Hospital (Level 1B),Allopathy,"NO. 410, 5TH A CROSS, HRBR LAYOUT, KAYLAN NAGAR, BANGALORE",BANGALORE,BLU01854ALH1B,25 Apr 2026,5,KPME Karnataka Portal,2026-01-19T09:50:09.101770
RAINBOW HOSPITAL,Hospital (Level 1B),Allopathy,H.NO.10-512/5 SABERA TOWER NEAR GOA HOTEL S.B. TEMPLE ROAD BRAHMPUR KALABURAGI,KALABURAGI,GLB00189ALH1B,07 Apr 2026,5,KPME Karnataka Portal,2026-01-19T09:50:09.131142
GLORIOUS SMILE MULTI SPECIALITY DENTAL CLINIC,Dental Lab or Clinic,Allopathy,"1ST FLOOR , NO 26/1 , NILGIRIS ROAD , KACHARKANAHALLI , HENNUR MAIN ROAD , BANGALORE-84",BANGALORE,BLU02267ALDEN,23 Aug 2026,5,KPME Karnataka Portal,2026-01-19T09:50:09.178989
MEDIZONE MEDICAL CENTRE,Clinic/Polyclinic with Diagnostic Support,Allopathy,"LAKSHMI LOTUS BUILDING, NO.590/2, 4TH MAIN, 1ST CROSS ROAD, BASAVANAGAR, BANGALORE-560037.",BANGALORE,BLU01838ALCDS,20 Apr 2026,5,KPME Karnataka Portal,2026-01-19T09:50:09.210196
RISHA DIAGNOSTIC CENTER,Medical Diagnostic Laboratory,Allopathy,1- 44 B SHRI RAM COMPLEX NEAR GRAMA PANCHAYATH OFFICE N H 66 NAGOOR,,UDP00189ALMDL,11 Jul 2026,5,KPME Karnataka Portal,2026-01-19T09:50:09.235243
Sudha Clinic,Clinic/Polyclinic with Dispensary,Ayurveda,Kukkujadka Puttur,,DKA00587AYCWD,29 Nov 2026,5,KPME Karnataka Portal,2026-01-19T09:50:09.269723
IBRAHIM CLINIC,Clinic/Polyclinic with Dispensary,Ayurveda,"NEAR MADANI JUNIOR COLLEGE ,ALEKALA ULLAL",,DKA00519AYCWD,17 Aug 2026,5,KPME Karnataka Portal,2026-01-19T09:50:09.320571
LOPAMUDRA EYE HOSPITAL,Clinic/Polyclinic with Dispensary,Allopathy,"ABOVE BANK OF BARODA, B M ROAD KUSHALNAGAR",,KDG00028ALCWD,23 Jun 2026,5,KPME Karnataka Portal,2026-01-19T09:50:09.360893
Dr Handral Nursing Home,Hospital (Level 1B),Allopathy,Rajendra Nagar Haveri-581110,HAVERI,HVR00254ALH1B,08 Dec 2026,5,KPME Karnataka Portal,2026-01-19T09:50:09.416136
PATIL CLINIC,Clinic/Polyclinic Only Consultation,Ayurveda,BEHIND POLICE STATION RAMAGIRI VILLAGE AT POST HOLALKERE TQ CHITRADURGA DIST,CHITRADURGA,CTR00085AYCOC,15 May 2026,5,KPME Karnataka Portal,2026-01-19T09:50:09.511907
YASHODA HOSPITAL,Hospital (Level 1A),Allopathy,"PLOT NO. 1920, NEAR RAILWAY OVER BRIDGE, JAKKIN HONDA, KHANAPUR ROAD, BELAGAVI",BELAGAVI,BLG00406ALH1A,17 Sep 2026,5,KPME Karnataka Portal,2026-01-19T09:50:09.610206
SRI MANJUNATHA HOSPITAL,Hospital (Level 2),Allopathy,NEAR MASTHIKATTE MAIN ROAD,,UDP00249ALHL2,02 Aug 2026,5,KPME Karnataka Portal,2026-01-19T09:50:09.662951
Inamdar hospital,Hospital (Level 1A),Allopathy,"3444/1A, Gondhalli Galli,opp. Parvathi Complex, Belagavi",BELAGAVI,BLG00433ALH1A,01 Oct 2026,5,KPME Karnataka Portal,2026-01-19T09:50:09.697262
RaviChandra Homeo Clinic,Clinic/Polyclinic with Dispensary,Homeopathy,"707/3, Kudlu Main Road, Next to Union Bank, Bommanahalli Post, Bangalore 560068",BANGALORE,BLU02362HOCWD,19 Sep 2026,5,KPME Karnataka Portal,2026-01-19T09:50:09.777235
SURYA DIAGNOSTIC CENTRE,Medical Diagnostic Laboratory,Allopathy,"RTL ARCADE , GANDHI NAGRA, NEAR KANDAYA BHAVAN, B M ROAD, RAMANAGARA",RAMANAGARA,RMG00043ALMDL,10 Oct 2026,5,KPME Karnataka Portal,2026-01-19T09:50:09.841792
PATIL CARE HOSPITAL,Hospital (Level 1B),Allopathy,MADDI GALLI OLD RUKMINI HOSPITAL,,BLG00379ALH1B,24 Aug 2026,5,KPME Karnataka Portal,2026-01-19T09:50:09.880284
Shanthi Maternity and General Nursing Home,Hospital (Level 1B),Allopathy,"Near Nehru Stadium Road,New housing Colony Bidar",BIDAR,BDR00125ALH1B,19 Apr 2027,5,KPME Karnataka Portal,2026-01-19T09:50:09.942765
SRI SAPTHAGIRI HOSPITAL,Hospital (Level 1A),Allopathy,MISSION COMPOUND B M ROAD KUNIGAL,,TMK00328ALH1A,04 Mar 2027,5,KPME Karnataka Portal,2026-01-19T09:50:10.026928
ROYAL CITY MULTISPECIALITY HOSPITAL,Hospital (Level 1A),Allopathy,"MBT ROAD, WAARD NO 16, ANANTAPUR ROAD BALLARI",BALLARI,BEL00363ALH1A,17 Aug 2027,5,KPME Karnataka Portal,2026-01-19T09:50:10.126945
MY HOMOEO CARE,Clinic/Polyclinic with Dispensary,Homeopathy,No 4561/A. Shivaji main road. Opp water tank. NR mohalla. Mysore,MYSORE,MYS01113HOCWD,24 Jul 2029,5,KPME Karnataka Portal,2026-01-19T09:50:10.239017
R K Diagnostic Centre,Clinic/Polyclinic with Diagnostic Support,Allopathy,"No. 7, Muddanapalya Road, Near Reliance Mart, Bengaluru- 560091",BENGALURU,BLU02839ALCDS,05 Jan 2027,5,KPME Karnataka Portal,2026-01-19T09:50:10.312292
LEELA CLINIC,Clinic/Polyclinic with Diagnostic Support,Allopathy,"# 1716, E AND F BLOCK, RAMAKRISHNA NAGAR, SARVODAYA ROAD, KUVEMPUNAGAR, MYSURU - 570023",MYSURU,MYS00227ALCDS,15 Dec 2026,5,KPME Karnataka Portal,2026-01-19T09:50:10.336729
OM SHREE SAI CLINIC,Clinic/Polyclinic Only Consultation,Ayurveda,OPP GANGA MEDICAL H NO 22-192/1A NEAR BUS STAND HUMNABAD BIDAR,BIDAR,BDR00106AYCOC,14 Feb 2027,5,KPME Karnataka Portal,2026-01-19T09:50:10.361796
SRI VENKATESHWARA CLINIC,Clinic/Polyclinic Only Consultation,Allopathy,"Shree Manjunatha complex , T.B Road, Sidlaghatta",,CBR00067ALCOC,04 Jan 2027,5,KPME Karnataka Portal,2026-01-19T09:50:10.385509
SHANTHI HOSPITAL AND RESEARCH CENTER PVT.LTD.,Hospital (Level 1A),Allopathy,"#307,40TH CROSS,JAYANAGAR 8TH BLOCK,BANGALORE-560070",BANGALORE,BLU05373ALH1A,31 Aug 2028,5,KPME Karnataka Portal,2026-01-19T09:50:10.410074
SRI VINAYAKA NEUROGY AND REHABILTATION CENER,Clinic/Polyclinic Only Consultation,Allopathy,BESIDES VIJAYWANI NEWS PAPER OFFICE OLD JEWERGI ROAD KALABURGI,,GLB00800ALCOC,02 Aug 2028,5,KPME Karnataka Portal,2026-01-19T09:50:10.435909
Ashwini Clinic,Clinic/Polyclinic with Dispensary,Ayurveda,"At - Agadi, Tq - Haveri",HAVERI,HVR00385AYCWD,19 Jul 2027,5,KPME Karnataka Portal,2026-01-19T09:50:10.463367
K M C HOSPITAL,Hospital (Level 1B),Allopathy,OPPOSITE ESSAR PETROL PUMP HALYAL ROAD ATHANI TQ.ATHANI DT.BELAGAVI-591304,BELAGAVI,BLG00622ALH1B,07 Mar 2027,5,KPME Karnataka Portal,2026-01-19T09:50:10.505945
SADA CLINIC,Clinic/Polyclinic Only Consultation,Homeopathy,MASHA ALLAH GREEN HEIGHTS APARTMENT SHOP NO.19 MAIN ROAD SHAHU NAGAR BELAGAVI TQ/DT.BELAGAVI-590010,BELAGAVI,BLG00594HOCOC,08 Feb 2027,5,KPME Karnataka Portal,2026-01-19T09:50:10.533491
EVEN HEALTHCARE PRIVATE LIMITED,Clinic/Polyclinic with Diagnostic Support,Allopathy,"GROUND FLOOR, 311, 6TH MAIN ROAD, INDIRANAGAR, BANGALORE-560038.",BANGALORE,BLU02836ALCDS,04 Jan 2027,5,KPME Karnataka Portal,2026-01-19T09:50:10.560610
ANUGRAHA AYURVEDIC CLINIC,Clinic/Polyclinic with Dispensary,Ayurveda,NEAR AKASHAVANI BRAHMAVARA,,UDP00695AYCWD,18 May 2027,5,KPME Karnataka Portal,2026-01-19T09:50:10.585485
JANGU CLINIC,Clinic/Polyclinic Only Consultation,Homeopathy,KACHERI ROAD NEAR TASHILDAR OFFICE BELAGAVI TQ/DT.BELAGAVI-590002,BELAGAVI,BLG00595HOCOC,08 Feb 2027,5,KPME Karnataka Portal,2026-01-19T09:50:10.621014
SHAMANTH DENTAL CLINIC,Dental Lab or Clinic,Allopathy,"T.B. ROAD, SIDLAGHATTA",,CBR00068ALDEN,04 Jan 2027,5,KPME Karnataka Portal,2026-01-19T09:50:10.672269
Ashwini Clinic,Clinic/Polyclinic with Dispensary,Allopathy,"2 nd Cross , Vidya Nagar, Byadgi",,HVR00437ALCWD,30 Dec 2027,5,KPME Karnataka Portal,2026-01-19T09:50:10.757003
MANASA NURSING HOME,Hospital (Level 1A),Allopathy,CHATRAKERI THIRTHAHALLI,,SMG00331ALH1A,24 Jan 2028,5,KPME Karnataka Portal,2026-01-19T09:50:10.853341
K.K DIAGNOSTIC LABORATORY,Medical Diagnostic Laboratory,Allopathy,"GROUND FLOOR, ROBEN PLAZA, PADAVINANGADY, MANGALORE",MANGALORE,DKA00655ALMDL,01 Mar 2027,5,KPME Karnataka Portal,2026-01-19T09:50:10.948953
SHREE GANESH CLINIC,Clinic/Polyclinic with Dispensary,Ayurveda,BHRAHMAVARA UDUPI,UDUPI,UDP00582AYCWD,01 Mar 2027,5,KPME Karnataka Portal,2026-01-19T09:50:10.986105
ASHWINI CLINIC,Clinic/Polyclinic Only Consultation,Ayurveda,"AT POST HUNASAGI, TQ SHORAPUR, DIST YADAGIRI",,YDR00421AYCOC,20 Jan 2027,5,KPME Karnataka Portal,2026-01-19T09:50:11.011707
ASHWINI CLINIC,Clinic/Polyclinic with Dispensary,Ayurveda,"ASHWINI CLINIC,BSA COMPLEX,ATHUR",,DKA01093AYCWD,14 Jun 2027,5,KPME Karnataka Portal,2026-01-19T09:50:11.047887
Dr. Sheethal Dental Clinic,Dental Lab or Clinic,Allopathy,"No. 86/4, Nagarabhavi Main Road, Opp. Bank of Baroda, Mudalapalya, Blore- 72",,BLU03619ALDEN,29 Aug 2027,5,KPME Karnataka Portal,2026-01-19T09:50:11.107684
2,1,1 2 3 4 5 6 7 8 9 10 ...,3,,5,4,5,KPME Karnataka Portal,2026-01-19T09:50:11.146724
3,2,1,4,,6,5,5,KPME Karnataka Portal,2026-01-19T09:50:11.173605
TALWADE HOSPITAL,Hospital (Level 1A),Allopathy,"Opp. Heeralal Pannalal High School, Bidar",BIDAR,BDR00071ALH1A,01 Sep 2026,6,KPME Karnataka Portal,2026-01-19T09:50:14.787959
SHALOM CLINIC,Clinic/Polyclinic with Dispensary,Allopathy,"Nagara Road, 2nd Bridge, Masthikatte, Hosanagara tq.",,SMG00175ALCWD,04 Apr 2027,6,KPME Karnataka Portal,2026-01-19T09:50:14.815769
MOTHER TERESA HOSPITAL,Clinic/Polyclinic Only Consultation,Allopathy,"Kannamangala palya, Kasaba hobli, devanhalli",,BLR00147ALCOC,03 Apr 2027,6,KPME Karnataka Portal,2026-01-19T09:50:14.842824
Lakshmi Clinical Laboratory,Clinic/Polyclinic with Diagnostic Support,Allopathy,High School Road Jakkanahalli .V. Pandavapura,,MAN00157ALCDS,01 Sep 2026,6,KPME Karnataka Portal,2026-01-19T09:50:14.874543
RITI LIFECARE HOSPITAL,Hospital (Level 2),Allopathy,M S CHANNAL BUILDING JAYALAXMINAGAR MAHALINGAPUR,,BGK00167ALHL2,03 Oct 2026,6,KPME Karnataka Portal,2026-01-19T09:50:14.923246
AKSHAYA HOMOEOPATHY CLINIC,AYUSH Therapy Centre,Homeopathy,"No 5 – 224/5, Ground Floor, Star Commercial Complex, Kaikamba, Post Kinnikambla, Mangalore Taluk",MANGALORE,DKA00761HOATC,31 Mar 2027,6,KPME Karnataka Portal,2026-01-19T09:50:14.974286
New Sanjeevini Clinic,Clinic/Polyclinic Only Consultation,Ayurveda,"H.D. Kote Road, D. Salundi, Dhanagalli Post, Mysore Taluk.",MYSORE,MYS00597AYCOC,07 Jul 2027,6,KPME Karnataka Portal,2026-01-19T09:50:15.013436
Sri Sangameshwara Clinic,Clinic/Polyclinic Only Consultation,Ayurveda,"Market road, Kollegala Taluk",,CNR00073AYCOC,06 Jul 2028,6,KPME Karnataka Portal,2026-01-19T09:50:15.038483
N M BALASING MEMORIAL HOSPITAL,Hospital (Level 1B),Allopathy,GULAM HUSSAIN GALLI NEAR JUNIOR COLLEGE VIJAYAPUR,,BIJ00336ALH1B,21 Jan 2027,6,KPME Karnataka Portal,2026-01-19T09:50:15.065750
DR SATISH M RASHINKAR CLINIC,Clinic/Polyclinic Only Consultation,Allopathy,GOBBUR BUILDING S S ROAD VIJAYAPUR,,BIJ00417ALCOC,09 Apr 2027,6,KPME Karnataka Portal,2026-01-19T09:50:15.093730
ShriSwamy clinic,Clinic/Polyclinic Only Consultation,Ayurveda,Malebennur,,DVG00330AYCOC,19 Jun 2027,6,KPME Karnataka Portal,2026-01-19T09:50:15.134262
SRI NANDI CLINIC,Clinic/Polyclinic Only Consultation,Ayurveda,KOKKANURU,,DVG00387AYCOC,28 Sep 2027,6,KPME Karnataka Portal,2026-01-19T09:50:15.224948
ENT CLINIC,Clinic/Polyclinic Only Consultation,Allopathy,"No.272, Sagar Deep, Doddanayakanakoppa, Dharwad-8",DHARWAD,DWR00406ALCOC,10 Dec 2026,6,KPME Karnataka Portal,2026-01-19T09:50:15.297133
Malnad Clinic,Clinic/Polyclinic with Dispensary,Unani,"K.M. Road, Mudigere - 577132",,CKM00132UNCWD,02 Jun 2027,6,KPME Karnataka Portal,2026-01-19T09:50:15.385503
ANUGRAHA CLINIC,Clinic/Polyclinic with Dispensary,Ayurveda,SHANBOG COMPLEX PETHRI UDUPI,UDUPI,UDP00578AYCWD,01 Mar 2027,6,KPME Karnataka Portal,2026-01-19T09:50:15.450137
SAI KRUPA FOUNDATION,Hospital (Level 1A),Allopathy,VAGATA HONCHANAHALLI NEAR ANJANEYA TEMPLE,,BLR00181ALH1A,10 Jul 2027,6,KPME Karnataka Portal,2026-01-19T09:50:15.478928
KPN ayurveda,AYUSH Therapy Centre,Ayurveda,"10th cross, SHANKAR MUTT ROAD, HASSAN",HASSAN,HSN00125AYATC,16 Mar 2027,6,KPME Karnataka Portal,2026-01-19T09:50:15.503920
Lifecare Diagnostic,Medical Diagnostic Laboratory,Allopathy,Manjunatha complex TB road,,CBR00062ALMDL,04 Jan 2027,6,KPME Karnataka Portal,2026-01-19T09:50:15.533575
PREMA POLYCLINIC,Clinic/Polyclinic Only Consultation,Allopathy,"BANDSALE COMPLEX,NEAR BUS STOP,NH 66,THEKKATTE,KUNDAPURA TALUK,UDUPI DT-576231",UDUPI,UDP00633ALCOC,30 Mar 2027,6,KPME Karnataka Portal,2026-01-19T09:50:15.594459
NIRNAY DIAGNOSTIC CENTRE,Clinic/Polyclinic with Diagnostic Support,Allopathy,"NO.12, 2ND MAIN, MURALI VIHAR SUNDERNAGAR, GOKULA, BANGALORE-560054.",BANGALORE,BLU03417ALCDS,06 Jun 2027,6,KPME Karnataka Portal,2026-01-19T09:50:15.683933
SHREE ARUNAGIRI CLINIC,Clinic/Polyclinic Only Consultation,Allopathy,"Araga Gate, Araga Po., Araga, Thirthahalli Tq.",,SMG00229ALCOC,01 Sep 2027,6,KPME Karnataka Portal,2026-01-19T09:50:15.767924
THEORY OF SKIN PURNAA TRUST,Clinic/Polyclinic with Observation,Allopathy,"NO.294, 6TH MAIN ROAD, HAL 2ND STAGE, INDIRANAGAR, BANGALORE-560038.",BANGALORE,BLU02159ALCWO,03 Aug 2026,6,KPME Karnataka Portal,2026-01-19T09:50:15.844232
CHIRAG HOSPITAL & MATERNITY CENTER,Hospital (Level 2),Allopathy,"#1635, 17th Main, J.P Nagar 2nd Phase, Bengaluru",BENGALURU,BLU03260ALHL2,04 Apr 2027,6,KPME Karnataka Portal,2026-01-19T09:50:15.869335
NH HEALTH CITY INTERNATIONAL WING A UNIT OF NARAYANA HRUDAYALAYA LTD,Hospital (Level 2),Allopathy,"NO.259-A, BOMMASANDRA INDUSTRIAL AREA, HOSUR ROAD, ATTIBELE HOBLI, ANEKAL TALUK, URBAN DIST, BANGALORE-560099.",BANGALORE,BLU04739ALHL2,22 May 2028,6,KPME Karnataka Portal,2026-01-19T09:50:15.896954
AYURVEDIC CLINIC,Clinic/Polyclinic with Dispensary,Ayurveda,AYURVEDIC CLINIC N.H 66 PRIYADARSHINI BYNDOOR.,,UDP00449AYCWD,28 Nov 2026,6,KPME Karnataka Portal,2026-01-19T09:50:15.943976
Kengala Clinic,Clinic/Polyclinic Only Consultation,Ayurveda,"Sagadgeri-madangeri road, Balale,Madangeri,Ankola",,UKA00108AYCOC,19 May 2027,6,KPME Karnataka Portal,2026-01-19T09:50:16.033688
VIJAYA CLINIC,Clinic/Polyclinic with Dispensary,Ayurveda,HOSMAR,,UDP00281AYCWD,02 Sep 2026,6,KPME Karnataka Portal,2026-01-19T09:50:16.120065
Crystal Diagnostic centre,Clinic/Polyclinic with Diagnostic Support,Allopathy,#12 AB 14th main road 3rd cross behind more mega store E block Sahakarnagar,,BLU02237ALCDS,23 Aug 2026,6,KPME Karnataka Portal,2026-01-19T09:50:16.207771
J J HEALTHCARE SOLUTIONS,Hospital (Level 1B),Allopathy,"1961, 1st cross road, kanakadasa nagar dattagalli 3rd stage",,MYS00168ALH1B,16 Nov 2026,6,KPME Karnataka Portal,2026-01-19T09:50:16.248791
CHANRE LABORATORY PRIVATE LIMITED,Clinic/Polyclinic with Diagnostic Support,Allopathy,"NO 121/1,3RD MAIN, BET 10TH AND 11TH CROSS, MARGOSA ROAD , MALLESHWARAM",,BLU02394ALCDS,24 Sep 2026,6,KPME Karnataka Portal,2026-01-19T09:50:16.315927
Shreeya Diagnostic Center,Medical Diagnostic Laboratory,Allopathy,At post Nagaramunnoli,,BLG00407ALMDL,17 Sep 2026,6,KPME Karnataka Portal,2026-01-19T09:50:16.358859
CHIRAG MULTISPECIALITY HOSPITAL,Hospital (Level 2),Allopathy,BESIDE VIJAYAMBA TEMPLE SHAHU NAGAR NEAR SHIVAJI CIRCLE VIJAYAPUR,,BIJ00247ALHL2,15 Sep 2026,6,KPME Karnataka Portal,2026-01-19T09:50:16.392155
RAKSHAN MATERNITY AND FERTILITY CENTRE,Clinic/Polyclinic with Observation,Allopathy,"E1-891/75/15 NEAR WATER TANK HANUMAN TEMPLE, KARUNESHWAR NAGAR, NEW JEWARGI ROAD,KALABURAGI",KALABURAGI,GLB00283ALCWO,26 Jul 2026,6,KPME Karnataka Portal,2026-01-19T09:50:16.441155
Joshis Andrology & Urology Centre,Hospital (Level 1B),Allopathy,"No. 776, 1st and 2nd Floor, 19th cross, 14th Main, A Block, opp to Ganesh Temple, Sahakarnagar, Bengaluru-560092",BENGALURU,BLU02197ALH1B,16 Aug 2026,6,KPME Karnataka Portal,2026-01-19T09:50:16.516908
HEGDE HEALTH COMPLEX,Hospital (Level 2),Allopathy,"Park Extension, 3rd cross, shimoga",,SMG00156ALHL2,14 Feb 2027,6,KPME Karnataka Portal,2026-01-19T09:50:16.574576
CHETHANA CLINIC,Clinic/Polyclinic with Dispensary,Ayurveda,MAIN ROAD HOODE UDUPI,UDUPI,UDP00342AYCWD,15 Sep 2026,6,KPME Karnataka Portal,2026-01-19T09:50:16.655383
Ashwini Clinic,Clinic/Polyclinic Only Consultation,Integrated System,"#142, Ashwini Clinic, Doddekoppal, K R Nagar Taluk",KOPPAL,MYS00521ISCOC,01 Jun 2027,6,KPME Karnataka Portal,2026-01-19T09:50:16.714037
Adarsha Clinic,Clinic/Polyclinic with Dispensary,Ayurveda,"Namana Kushi Commplex Bulerikatte, Balnadu",,DKA01029AYCWD,12 Jun 2027,6,KPME Karnataka Portal,2026-01-19T09:50:16.770751
AYUSHMAAN HEALTH CARE,Hospital (Level 1A),Allopathy,"# 6 KIADB LAYOUT, HEBBAL LAKE ROAD, OPP SKANRAY TECHNOLOGIES",,MYS00370ALH1A,09 Mar 2027,6,KPME Karnataka Portal,2026-01-19T09:50:16.846836
MEDICURE HEALTH CENTRE,Clinic/Polyclinic with Observation,Allopathy,"#16, 2ND MAIN, MARUTHI LAYOUT, HBCS B.T.M LAYOUT 1ST STAGE, BANGALORE-560029",BANGALORE,BLU02253ALCWO,23 Aug 2026,6,KPME Karnataka Portal,2026-01-19T09:50:16.939224
VAIDYA SANE AYURVED LAB PVT LTD. MADHAVBAUG,AYUSH Therapy Centre,Ayurveda,"Mandi Plaza, Opp. Post Office, K C Park, Haliyal Road, Dharwad.",DHARWAD,DWR00367AYATC,30 Sep 2026,6,KPME Karnataka Portal,2026-01-19T09:50:17.033284
KULKARNI HOSPITAL,Hospital (Level 1B),Allopathy,VIDYA NAGAR FIRST CROSS NEAR WATER TANK SINDAGI,,BIJ00375ALH1B,05 Feb 2027,6,KPME Karnataka Portal,2026-01-19T09:50:17.119473
SRI MATHA HOSPITAL,Hospital (Level 2),Allopathy,CHURCH ROAD,,UDP00419ALHL2,25 Nov 2026,6,KPME Karnataka Portal,2026-01-19T09:50:17.209430
BIDARE LINGAPPA HOSPITAL,Hospital (Level 2),Allopathy,"BEHIND PRABHAT COFFEE WORKS, B.H.ROAD,N.H.-206 ,TIPTUR",,TMK00233ALHL2,24 Sep 2026,6,KPME Karnataka Portal,2026-01-19T09:50:17.289228
KINAGI MATERNITY HOME,Hospital (Level 2),Allopathy,Old jewargi road beside Nagarjun Hotel Mohan lodge circle Station Area Gulbarga,,GLB00291ALHL2,04 Aug 2026,6,KPME Karnataka Portal,2026-01-19T09:50:17.378664
SUN DIAGNOSTICS,Diagnostic Imaging Centre,Allopathy,SUN DIAGNOSTICS J.G.CO-OPERATIVE HOSPITAL ROAD BESIDE RAILWAY OVER BRIDGE GHATAPRABA,,BLG00410ALDIC,17 Sep 2026,6,KPME Karnataka Portal,2026-01-19T09:50:17.453023
MANNAT FERTILITY CLINIC,Clinic/Polyclinic with Observation,Allopathy,"NO. 90/2, 2ND FLOOR, KRISHNA ICON, OUTER RING ROAD, MARATHAHALLI, BANGALORE - 560037",BANGALORE,BLU03427ALCWO,06 Jun 2027,6,KPME Karnataka Portal,2026-01-19T09:50:17.525043
PRADEEP CLINIC,Clinic/Polyclinic Only Consultation,Ayurveda,DR PRADEEP B HUDDAR BAMS NEAR KVG BANK RAILWAY STATION ROAD GHATPRABHA TALUKA GOKAK DISTRICT BELAGAVI,BELAGAVI,BLG00469AYCOC,01 Nov 2026,6,KPME Karnataka Portal,2026-01-19T09:50:17.604577
NANDI HEALTH CARE NANDI FOUNDATION,Clinic/Polyclinic Only Consultation,Ayurveda,"NO.241, VENKATADRI LANE, ANNASANDRAPALYA , HAL BANGALORE-560017",BANGALORE,BLU02367AYCOC,19 Sep 2026,6,KPME Karnataka Portal,2026-01-19T09:50:17.675926
CITY HI TECH CLINICAL LABORATORY,Medical Diagnostic Laboratory,Allopathy,BESIDES GOVERNMENT HOSPITAL 1ST CROSS JAGALUR TQ DAVANAGERE,DAVANAGERE,DVG00227ALMDL,11 Oct 2026,6,KPME Karnataka Portal,2026-01-19T09:50:17.754554
MEDLAND MEDICAL CENTRE,Clinic/Polyclinic with Dispensary,Allopathy,"J M ROAD, GANGOLLI, UDUPI",UDUPI,UDP00632ALCWD,30 Mar 2027,6,KPME Karnataka Portal,2026-01-19T09:50:17.834824
SNEHA MANOVIKASA KENDRA,Hospital (Level 2),Allopathy,"Opposite DDPI Office, Net to Canara Bank, Dr. Radhakrishna Road, Tumkur 572102",,TMK00288ALHL2,27 Dec 2026,6,KPME Karnataka Portal,2026-01-19T09:50:17.917905
Aswani Multispeciiality HOSPTAL,Hospital (Level 2),Allopathy,H.No 15-3-268 BNR Complex Beside More Supermarket Manvi,,RCR00084ALHL2,21 Jun 2027,6,KPME Karnataka Portal,2026-01-19T09:50:18.000880
SHRI VEERABHADRESHWAR CLINIC,Clinic/Polyclinic Only Consultation,Ayurveda,"MAHANTESH NAGAR , BUDANUR",,BLG00777AYCOC,03 Aug 2027,6,KPME Karnataka Portal,2026-01-19T09:50:18.088954
SHOBHA MATERNITY AND SURGICAL HEALTH CARE CENTRE,Hospital (Level 1A),Allopathy,"NO.171/A,P R, BUILDING,16TH MAIN ,BTM LAYOUT ,1ST STAGE ,NEAR TAVAREKERE BUS STOP ,BANGALORE -560029",BANGALORE,BLU02696ALH1A,05 Dec 2026,6,KPME Karnataka Portal,2026-01-19T09:50:18.171544
ST JOSEPHS HEALTH CARE CENTER,Clinic/Polyclinic with Diagnostic Support,Allopathy,"JEEVAN JYOTHI TRUST, SUSAIPALYAM ANDERSONPET KGF",,KLR00141ALCDS,12 Jun 2027,6,KPME Karnataka Portal,2026-01-19T09:50:18.275062
Veda Rehabilitation And Wellness Private Limited,Integrated Counseling Centre,Yoga and Naturopathy,"Veda, No 437, Phase 3, Jade Garden Annex, Sadahalli Village, Devanahalli Taluk, Bengaluru Rural, Bengaluru - 562110",BENGALURU,BLR00125YNICC,15 Jan 2027,6,KPME Karnataka Portal,2026-01-19T09:50:18.371523
Sri Venkateshwara Clinic,Clinic/Polyclinic Only Consultation,Allopathy,"Avani Village, Mulbagal taluk",,KLR00158ALCOC,12 Jun 2027,6,KPME Karnataka Portal,2026-01-19T09:50:18.475833
IRIDIUM,Clinic/Polyclinic with Diagnostic Support,Allopathy,"#115,1st Floor, SBR Complex, Hosur Main Road, Chandapura Circle, Bengaluru, 560099",BENGALURU,BLU02991ALCDS,02 Feb 2027,6,KPME Karnataka Portal,2026-01-19T09:50:18.575798
SMILE INNOVATORS DENTAL CLINIC,Dental Lab or Clinic,Allopathy,"Jayavarma Centre, No. 6 ,First Floor , Mallikatta , Mangalore",MANGALORE,DKA03158ALDEN,04 Nov 2030,6,KPME Karnataka Portal,2026-01-19T09:50:18.675497
Dr. Anand P. Karkal,Clinic/Polyclinic with Dispensary,Allopathy,"Shop no 15/A, Ashraya Complex, CTS No 11, RPD Cross, Tilakwadi",,BLG02250ALCWD,03 Jul 2029,6,KPME Karnataka Portal,2026-01-19T09:50:18.733814
Vinayaka multispecialty clinic,Clinic/Polyclinic with Diagnostic Support,Allopathy,"Lobo building , gurupura kaikamba Mangalore",MANGALORE,DKA03232ALCDS,28 Nov 2030,6,KPME Karnataka Portal,2026-01-19T09:50:18.813078
Jyothi Diagnostics,Clinic/Polyclinic with Diagnostic Support,Allopathy,"1st Floor, Citi Centre, Balmatta Road, Mangalore",MANGALORE,DKA00496ALCDS,06 Jul 2026,6,KPME Karnataka Portal,2026-01-19T09:50:18.868857
Srivatsa Ayurveda Clinic,Clinic/Polyclinic with Dispensary,Ayurveda,"Near Janatha Bazar, 5th Cross Down, KR Puram, Hassan",HASSAN,HSN00219AYCWD,10 Aug 2027,6,KPME Karnataka Portal,2026-01-19T09:50:18.966961
Dental speciality clinic,Dental Lab or Clinic,Allopathy,"door no.5-223/17, 1st floor, Pompei square, Main road, gurupura-Kaikamba, kinikambla, kinikambla post, mangaluru 574151",,DKA00578ALDEN,25 Oct 2026,6,KPME Karnataka Portal,2026-01-19T09:50:19.067596
Omisha Hospital,Hospital (Level 1A),Allopathy,Near Jolad Bazar,,BGK01194ALH1A,11 Aug 2030,6,KPME Karnataka Portal,2026-01-19T09:50:19.182542
speciality dental clinic,Dental Lab or Clinic,Allopathy,gandhi gunj road khaji colony,,BDR00057ALDEN,27 Jul 2026,6,KPME Karnataka Portal,2026-01-19T09:50:19.300645
DR. SATHEESH KUMAR BHANDARY B.,Clinic/Polyclinic Only Consultation,Allopathy,"Medical Chambers, Don Bosco Hall Cross Road, Mangalore",MANGALORE,DKA03202ALCOC,25 Nov 2030,6,KPME Karnataka Portal,2026-01-19T09:50:19.431648
Panchajanya Ayurveda Ashrama,AYUSH Therapy Centre,Ayurveda,"Kadegadde, Kudregundi, Koppa",,CKM00034AYATC,20 Nov 2025,6,KPME Karnataka Portal,2026-01-19T09:50:19.535516
ANAND CLINIC CHEM LABORATORY,Clinic/Polyclinic with Diagnostic Support,Allopathy,"NO.592/6/1, 10TH CROSS, 7TH BLOCK WEST, JAYANAGAR, BANGALORE-560082.",BANGALORE,BLU11873ALCDS,06 Aug 2030,6,KPME Karnataka Portal,2026-01-19T09:50:19.647617
PAWAN CLINIC,Clinic/Polyclinic Only Consultation,Allopathy,"NO.898, 11TH CROSS, 1ST C MAIN, 2ND PHASE, GIRINAGAR, BANGALORE-560085",BANGALORE,BLU11953ALCOC,19 Aug 2030,6,KPME Karnataka Portal,2026-01-19T09:50:19.742729
NISARGA DENTAL CLINIC,Dental Lab or Clinic,Allopathy,"Shop No 1A, Belamkar Complex, Pacific Plaza, Club Road, Deshpande Nagar, Hubballi.",,DWR00199ALDEN,15 Feb 2026,6,KPME Karnataka Portal,2026-01-19T09:50:19.850175
VANDANA DIAGNOSTIC,Medical Diagnostic Laboratory,Allopathy,"NO. 11, MUDDANAPALYA MAIN ROAD, BEL LAYOUT, 1ST STAGE, MAGADI ROAD, BANGALORE 560091",BANGALORE,BLU12203ALMDL,16 Sep 2030,6,KPME Karnataka Portal,2026-01-19T09:50:19.936998
A ONE DENTAL CLINIC & IMPLANT CENTRE,Dental Lab or Clinic,Allopathy,"#973, First cross Sarigenagar, kolar",KOLAR,KLR00042ALDEN,12 Aug 2026,6,KPME Karnataka Portal,2026-01-19T09:50:20.021405
SANJEEVINI CHIKITSALAYA,Clinic/Polyclinic Only Consultation,Allopathy,"Govt Hospital Road, Mariyammanahalli. Hospet Tq, Ballari District",BALLARI,VIJ00022ALCOC,01 Jul 2027,6,KPME Karnataka Portal,2026-01-19T09:50:20.115684
MEDILINE CLINICAL LABORATORY,Medical Diagnostic Laboratory,Allopathy,"OPP GOVT HOSPITAL, VARTHUR, BENGALURU",BENGALURU,BLU11678ALMDL,18 Jul 2030,6,KPME Karnataka Portal,2026-01-19T09:50:20.146515
DR JEEVANNAVAR BLOOD BANK,Blood Bank,Allopathy,"Dr K H Jituri Hospital Building, Gokul Road, Hosur Cross, Hubballi.",,DWR00079ALBLB,19 Oct 2025,6,KPME Karnataka Portal,2026-01-19T09:50:20.170581
SRI SAI GANESH CLINIC,Clinic/Polyclinic Only Consultation,Allopathy,"NO 5, OPP NANDI GRADENS, AVALAHALLI, ANJANAPURA MAIN ROAD, J.P NAGAR, BANGALORE-560062",BANGALORE,BLU12111ALCOC,08 Sep 2030,6,KPME Karnataka Portal,2026-01-19T09:50:20.199329
DR SHAMEEMA HOMEOPATHY CLINIC,Clinic/Polyclinic with Dispensary,Homeopathy,"16-9-536 A, OPP ATHENA HOSPITAL , NEAR YMCA, FALNIR, MANGALORE - 575002",MANGALORE,DKA00438HOCWD,09 May 2026,6,KPME Karnataka Portal,2026-01-19T09:50:20.265179
OM SAI STAR POLY CLINIC,Clinic/Polyclinic Only Consultation,Allopathy,"No.153, Vinayak Nnagar, Singapura Main Road, M.S.Palya, Vidhyaranyapura Post, Bangalore",BANGALORE,BLU00669ALCOC,10 Sep 2025,6,KPME Karnataka Portal,2026-01-19T09:50:20.351669
KIRAN CLINIC,Clinic/Polyclinic Only Consultation,Allopathy,"Near Primary School, Vanashri Road, Tq.Alnavar, Dist.Dharwad.",DHARWAD,DWR01425ALCOC,14 Oct 2030,6,KPME Karnataka Portal,2026-01-19T09:50:20.445746
Nethra Jyothi Eye Clinic,Clinic/Polyclinic Only Consultation,Allopathy,"No.1, 1st Floor, Maruthi Sankeerna Building, New Thippasandra Main Road, Bengaluru-560075",BENGALURU,BLU00756ALCOC,25 Sep 2025,6,KPME Karnataka Portal,2026-01-19T09:50:20.547852
SRI GANESHA POLYCLINIC AND DIAGNOSTIC CENTRE,Clinic/Polyclinic with Diagnostic Support,Allopathy,"#10/3-10, KATHRIGUPPE MAIN ROAD, BSK 3RD STAGE, BENGALURU.",BENGALURU,BLU01555ALCDS,24 Feb 2026,6,KPME Karnataka Portal,2026-01-19T09:50:20.653700
CITY CLINIC AYURVEDA,AYUSH Therapy Centre,Ayurveda,"Madhavpur, Dajibanpeth Road, Hubballi.",,DWR00038AYATC,28 Sep 2025,6,KPME Karnataka Portal,2026-01-19T09:50:20.765433
SPANDANA LABORATORY & SCANING CENTRE,Medical Diagnostic Laboratory,Allopathy,"GROUND FLOOR, HASSAN TOWER, OLD BUSTAND UPPINANGADY",HASSAN,DKA00168ALMDL,06 Dec 2025,6,KPME Karnataka Portal,2026-01-19T09:50:20.880700
AINDRA SYSTEMS PVT LTD,Medical Diagnostic Laboratory,Allopathy,"#24, 24th Main, 19th Cross, J.P.Nagar, 5th Phase, Bangalore",BANGALORE,BLU00671ALMDL,10 Sep 2025,6,KPME Karnataka Portal,2026-01-19T09:50:20.989450
NAKUL DIAGNOSTIC LABORATORY,Medical Diagnostic Laboratory,Allopathy,"OPPOSITE KEB OFFICE, SANTE BEEDHI, JIGANI, ANEKAL TALUK",,BLU11635ALMDL,14 Jul 2030,6,KPME Karnataka Portal,2026-01-19T09:50:21.089018
VAISHNAVI AYURVEDA,Clinic/Polyclinic with Dispensary,Ayurveda,LAKSHMI GANESH BUILDING MAIN ROAD KARKALA,,UDP00139AYCWD,24 May 2026,6,KPME Karnataka Portal,2026-01-19T09:50:21.190282
RAHEEL CLINIC,Clinic/Polyclinic Only Consultation,Ayurveda,AT POST KAKKERA VILLAGE TQ SHORAPUR DIST YADAGIRI,,YDR00074AYCOC,31 Mar 2026,6,KPME Karnataka Portal,2026-01-19T09:50:21.275330
SRI MOHANA NURSING HOME,Hospital (Level 1B),Allopathy,"1ST CROSS, LINK ROAD, SATHYANARAYANA PET",,BEL00152ALH1B,11 Apr 2026,6,KPME Karnataka Portal,2026-01-19T09:50:21.367917
AKSHAY GLOBAL HOSPITAL,Hospital (Level 1B),Allopathy,OPP SRI RAMA KALYANA MANTAPA CHALLAKERE ROAD CHITRADURGA,CHITRADURGA,CTR00017ALH1B,03 Feb 2026,6,KPME Karnataka Portal,2026-01-19T09:50:21.490586
SHEETAL CHILDRENS & DERMA CLINIC,Clinic/Polyclinic Only Consultation,Allopathy,"NO.3, 1ST MAIN, OPPOSITE 2ND CROSS, HIG DOLLARS COLONY, RMV 2ND STAGE, BANGALORE-560094.",BANGALORE,BLU12270ALCOC,22 Sep 2030,6,KPME Karnataka Portal,2026-01-19T09:50:21.589223
SRI VINAYAKA DIAGNOSTIC LABORATORY,Medical Diagnostic Laboratory,Allopathy,"No. 70, 11th MAIN, Krishnaiah Layout, Opp. Vijaya Bank, Near Vishnuvardhan Circle, Uttarahalli, Bangalore",BANGALORE,BLU00855ALMDL,20 Oct 2025,6,KPME Karnataka Portal,2026-01-19T09:50:21.702061
MISK SKIN AND HAIR CLINIC,Clinic/Polyclinic Only Consultation,Allopathy,"NO 72. MOSQUE ROAD, OPPOSITE EAST WEST SCHOOL NEAR ARMUGAM CIRCLE BASANAVAGUDI, NEAR SOUTH END CIRCLE, BANGALORE-560004",BANGALORE,BLU00778ALCOC,28 Sep 2025,6,KPME Karnataka Portal,2026-01-19T09:50:21.824053
MAHALAKSHMI WOMENS CLINIC,Clinic/Polyclinic Only Consultation,Allopathy,"NO. 833/98, 2ND MAIN, 13TH CROSS, MAHALAKSHMI LAYOUT ENTRANCE, BANGALORE -560086",BANGALORE,BLU00738ALCOC,24 Sep 2025,6,KPME Karnataka Portal,2026-01-19T09:50:21.931175
SAGAR DIAGNOSTICS,Diagnostic Imaging Centre,Allopathy,"1st Floor, B.H.Road, Opp. Govt. Junior College, Sagara.",,SMG00027ALDIC,18 Apr 2026,6,KPME Karnataka Portal,2026-01-19T09:50:22.041528
SHUBHA POLY CLINIC,Clinic/Polyclinic with Observation,Ayurveda,"No. 5150/1B, Byraveshwara Nagar, Sondekoppa Circle, Nelamangala Taluk.",,BLR00431AYCWO,02 Aug 2028,6,KPME Karnataka Portal,2026-01-19T09:50:22.147242
NISARGA GENERAL SURGERY CLINIC,Clinic/Polyclinic Only Consultation,Allopathy,"1ST FLOOR, H LINGA REDDY PLAZA, OPP OLD KSRTC BUSSTAND KOLACHALAM COMPOUND, BALLARI",BALLARI,BEL00260ALCOC,07 Sep 2026,6,KPME Karnataka Portal,2026-01-19T09:50:22.258899
VIJAYASHREE CLINIC,Clinic/Polyclinic with Dispensary,Ayurveda,"Venkatehwara complex, koira cross, Chapparakallu, Devnahalli",,BLR00141AYCWD,29 Mar 2027,6,KPME Karnataka Portal,2026-01-19T09:50:22.346307
Prakruthi Multispeciality Hospital,Hospital (Level 2),Allopathy,"Thanisandra Main Road, Thanisandra, Dr. Shivramkaranth Nagar Post",,BLU01988ALHL2,08 Jun 2026,6,KPME Karnataka Portal,2026-01-19T09:50:22.438882
2,1,1 2 3 4 5 6 7 8 9 10 ...,3,,5,4,6,KPME Karnataka Portal,2026-01-19T09:50:22.573205
3,2,1,4,,6,5,6,KPME Karnataka Portal,2026-01-19T09:50:22.686922
SWASTHYA CLINIC,Clinic/Polyclinic with Dispensary,Ayurveda,ANANTHAMAHAL KAUP,,UDP00660AYCWD,31 Mar 2027,7,KPME Karnataka Portal,2026-01-19T09:50:26.351080
GANGA SPECIALITY HOSPITAL PVT LTD,Hospital (Level 1A),Allopathy,"No. 59, GANGOTHRI, VIDHATHA SCHOOL ROAD, ANEKAL, BANGALORE - 562106",BANGALORE,BLU02296ALH1A,29 Aug 2026,7,KPME Karnataka Portal,2026-01-19T09:50:26.428691
SAI CLINIC,Clinic/Polyclinic Only Consultation,Ayurveda,"#97, ASHRAYA NILAYA, RASTRA KAVI KUVEMPU NAGAR, VINAYAKA LAYOUT, NEAR R.T.O OFFICE, BEHIND G.M HALL, MALLATHAHALLI, BANGALORE-560056",BANGALORE,BLU02111AYCOC,21 Jul 2026,7,KPME Karnataka Portal,2026-01-19T09:50:26.517986
SRI VENKATESHWARA SKIN CLINIC,Clinic/Polyclinic Only Consultation,Allopathy,OPPOSITE KRISHNA NURSING HOME LAKSHMI BAZAR CHITRADURGA,CHITRADURGA,CTR00111ALCOC,03 Aug 2026,7,KPME Karnataka Portal,2026-01-19T09:50:26.608267
Ashwini Health Care Center,Clinic/Polyclinic Only Consultation,Ayurveda,Shop No.1 No.83 Ground Floor Venkateshwara Temple Road,,BLU02220AYCOC,18 Aug 2026,7,KPME Karnataka Portal,2026-01-19T09:50:26.697223
Nanda Dental Clinic,Dental Lab or Clinic,Allopathy,"Devikiran complex, ground floor, Near Karnataka Bank, Kota, Udupi dist",UDUPI,UDP00466ALDEN,28 Nov 2026,7,KPME Karnataka Portal,2026-01-19T09:50:26.786312
Neralagadde Clinic,Clinic/Polyclinic with Dispensary,Ayurveda,"OPPOSITE BSNL EXCHANGE,NEAR BILADWARA SUBHRAMANYA,",,DKA00635AYCWD,06 Feb 2027,7,KPME Karnataka Portal,2026-01-19T09:50:26.879009
SIDDABASAV HOSPITAL,Hospital (Level 1B),Allopathy,VIDYA NAGAR HUNASAGI ROAD TALIKOTI TQ MUDDEBIHAL DIST VIJAYAPUR,,BIJ00349ALH1B,21 Jan 2027,7,KPME Karnataka Portal,2026-01-19T09:50:26.973572
Sathyashree Clinic,Clinic/Polyclinic Only Consultation,Ayurveda,"H.G.Road, K.N.Pura, Mysore-11",MYSORE,MYS02025AYCOC,23 Nov 2030,7,KPME Karnataka Portal,2026-01-19T09:50:27.055423
JANATHA CLINIC,Clinic/Polyclinic with Dispensary,Ayurveda,"Vahab Market Road, Jade, Soraba tq. Soraba",,SMG00133AYCWD,23 Dec 2026,7,KPME Karnataka Portal,2026-01-19T09:50:27.140142
Manjunath Clinic,Clinic/Polyclinic Only Consultation,Ayurveda,"Main Road, Devalapura, Mysore.",MYSORE,MYS00621AYCOC,07 Jul 2027,7,KPME Karnataka Portal,2026-01-19T09:50:27.207725
SHREE CLINIC,Clinic/Polyclinic with Diagnostic Support,Allopathy,"Bochageri Plaza, Opp. Unkal BRTS Stop, Unkal, Hubballi-31",,DWR00429ALCDS,01 Jan 2027,7,KPME Karnataka Portal,2026-01-19T09:50:27.277187
SHANTI NURSING HOME,Hospital (Level 2),Allopathy,"College Road, BANAHATTI",,BGK00333ALHL2,03 Apr 2027,7,KPME Karnataka Portal,2026-01-19T09:50:27.339300
Sri Annapoorna Clinic,Clinic/Polyclinic Only Consultation,Ayurveda,"#2377 New Kantaraja Urs road, Jayanagara",,MYS01129AYCOC,05 Aug 2029,7,KPME Karnataka Portal,2026-01-19T09:50:27.435375
Jossys Dento care,Dental Lab or Clinic,Allopathy,"Dr. K G Bhat Building, Uppinangady",,DKA00681ALDEN,15 Mar 2027,7,KPME Karnataka Portal,2026-01-19T09:50:27.527681
NAGARJUNA CLINIC,Clinic/Polyclinic with Dispensary,Ayurveda,DR. SUDEEP KUMAR SHETTY BILAL COMPLEX HOODE MAIN ROAD UDUPI,UDUPI,UDP00498AYCWD,10 Jan 2027,7,KPME Karnataka Portal,2026-01-19T09:50:27.615476
Dhanvantri Clinic,Clinic/Polyclinic Only Consultation,Integrated System,"#364, Gaddige Main Road, Mysore.",MYSORE,MYS00612ISCOC,07 Jul 2027,7,KPME Karnataka Portal,2026-01-19T09:50:27.709126
DR N M PATIL MURGOD SHRI MALLIKARJUN MULTISPECIALITY HOSPITAL,Hospital (Level 2),Allopathy,NEAR SANGOLLI RAYANNA CIRCLE BAILHONGAL,,BLG00771ALHL2,03 Aug 2027,7,KPME Karnataka Portal,2026-01-19T09:50:27.802358
PADMASHREE DIAGNOSTIC CENTRE,Medical Diagnostic Laboratory,Allopathy,"PADMASHREE COMPLEX, M.G.ROAD, TUMKUR-572101",,TMK00193ALMDL,29 Jul 2026,7,KPME Karnataka Portal,2026-01-19T09:50:27.892789
AAPYAM CHIGATERI CHIKITSALAYA,Clinic/Polyclinic Only Consultation,Ayurveda,JANKAL VILLAGE JANKAL POST HOSADURGA TALUK CHITRADURGA,CHITRADURGA,CTR00117AYCOC,03 Aug 2026,7,KPME Karnataka Portal,2026-01-19T09:50:27.981235
MALLIKARJUNA NURSING HOME SHIMOGA,Hospital (Level 1A),Allopathy,"HOTEL JEWEL ROCK ROAD, DURGIGUDI, SHIMOGA",,SMG00154ALH1A,14 Feb 2027,7,KPME Karnataka Portal,2026-01-19T09:50:28.076047
RAJASHREE CLINIC,Clinic/Polyclinic with Dispensary,Ayurveda,DR. RAJAPAL P R KODAVOORU UDUPI,UDUPI,UDP00662AYCWD,31 Mar 2027,7,KPME Karnataka Portal,2026-01-19T09:50:28.171195
MATHRUSHREE CLINIC,Clinic/Polyclinic with Dispensary,Ayurveda,"#08 OPP MUNESHWARA BLOCK, T G LAYOUT,50FT TOAD, ITTUMADU,BSK 3RD STAGE, BANGALORE-560085",BANGALORE,BLU02242AYCWD,23 Aug 2026,7,KPME Karnataka Portal,2026-01-19T09:50:28.254879
Matha Clinic,Clinic/Polyclinic Only Consultation,Ayurveda,Venkataiahna Chathra VIllage and Post Chamarajanagar Taluk,,CNR00018AYCOC,15 Aug 2026,7,KPME Karnataka Portal,2026-01-19T09:50:28.340955
MARUTHI CLINIC,Clinic/Polyclinic Only Consultation,Homeopathy,H D PURA HOLALKERE TQ,,CTR00124HOCOC,17 Aug 2026,7,KPME Karnataka Portal,2026-01-19T09:50:28.418352
SHRI AMMA DIAGNOSTICS,Clinic/Polyclinic with Diagnostic Support,Allopathy,"Muddu Complex, Shop No-9, Ground Floor, Near Bus Stand, Murnad, Madikere Taluk, Kodagu District-571252",KODAGU,KDG00042ALCDS,17 Apr 2027,7,KPME Karnataka Portal,2026-01-19T09:50:28.455583
Celara Diagnostics Pvt Ltd,Diagnostic Imaging Centre,Allopathy,"28, 28/1, Infantry Road, Bangalore-560001",BANGALORE,BLU02209ALDIC,18 Aug 2026,7,KPME Karnataka Portal,2026-01-19T09:50:28.482724
SHIVAKRUPA CLINIC,Clinic/Polyclinic with Dispensary,Allopathy,"Near Dundi Basaveshwara Temple, Ijarilakamapur, Haveri.",HAVERI,HVR00248ALCWD,15 Nov 2026,7,KPME Karnataka Portal,2026-01-19T09:50:28.508138
Koti Clinic,Clinic/Polyclinic Only Consultation,Ayurveda,"Bankapur,Shiggaon,Haveri",HAVERI,HVR00198AYCOC,18 Aug 2026,7,KPME Karnataka Portal,2026-01-19T09:50:28.540655
SHIVA DENTAL CLINIC,Dental Lab or Clinic,Allopathy,BEHIND VASAVI TEXTILE PETE ARKALGUD,,HSN00089ALDEN,24 Jan 2027,7,KPME Karnataka Portal,2026-01-19T09:50:28.569057
SRI TIRUMALA POLY CLINIC,Clinic/Polyclinic Only Consultation,Ayurveda,"NO 376/H, NAYANDAHALLI, OPP. GANESH TEMPLE, BANGALORE-560039",BANGALORE,BLU02247AYCOC,23 Aug 2026,7,KPME Karnataka Portal,2026-01-19T09:50:28.592268
Bhandary Clinic,Clinic/Polyclinic Only Consultation,Allopathy,"Chandrageetha Complex, Near Panduranga Vittala Bhajan Mandir , Bikaranakatta",,DKA00613ALCOC,12 Dec 2026,7,KPME Karnataka Portal,2026-01-19T09:50:28.615046
BUDDUR CLINIC SURGICAL AND MATERNITY HOME,Hospital (Level 2),Allopathy,BADDUR CLINIC BANHATTI BEHIND BANKAR PETROL BUNK JAMKHANDI ROAD BANHATTII -587311,,BGK00252ALHL2,03 Mar 2027,7,KPME Karnataka Portal,2026-01-19T09:50:28.638385
HEALTH CARE CLINIC,Clinic/Polyclinic with Dispensary,Ayurveda,"7TH BLOCK, KRISHNAPURA, SURATHKAL, MANGALORE",MANGALORE,DKA00581AYCWD,25 Oct 2026,7,KPME Karnataka Portal,2026-01-19T09:50:28.663105
Wellright life Care Polyclinic,Clinic/Polyclinic with Diagnostic Support,Allopathy,"Shop No.1, Sy No.97, Near Mittal Elanza Apartments, Kogilu Main Road, Srinivasapura, Yelahanka, Bengaluru - 560064",BENGALURU,BLU02166ALCDS,09 Aug 2026,7,KPME Karnataka Portal,2026-01-19T09:50:28.686490
Mathru clinic,Clinic/Polyclinic with Dispensary,Ayurveda,"Hedge building, hunsemakki post, kundapura,",,UDP00560AYCWD,08 Feb 2027,7,KPME Karnataka Portal,2026-01-19T09:50:28.714075
AGM AYURVEDIC MEDICAL COLLEGE AND HOSPTIAL,Hospital (Level 4)(Teaching),Ayurveda,"Algur RC, Jamkhandi, Dist.Bagalkot.",,BGK00117AYHL4,21 Jul 2026,7,KPME Karnataka Portal,2026-01-19T09:50:28.749197
SANJEEVINI DIAGNOSTICS,Medical Diagnostic Laboratory,Allopathy,"147/17, KOLACHALAM COMPOUND, OPP OLD KSRTC BUS STAND, BALLARI",BALLARI,BEL00257ALMDL,07 Sep 2026,7,KPME Karnataka Portal,2026-01-19T09:50:28.819420
BHARATH DIAGNOSTIC CENTRE,Diagnostic Imaging Centre,Allopathy,"# - 741 ward No-5, Besides Akash inn Hotel, R.M.R Road, Durgigudi, Shimoga",,SMG00014ALDIC,18 Feb 2026,7,KPME Karnataka Portal,2026-01-19T09:50:28.857660
KANGAROO WOMAN & CHILD CARE,Clinic/Polyclinic with Diagnostic Support,Allopathy,"#1401,A Block, Railway Parallel Road, Sahakaranagar, Bangalore-560092",BANGALORE,BLU11549ALCDS,02 Jul 2030,7,KPME Karnataka Portal,2026-01-19T09:50:28.880575
Sagar Ayush,AYUSH Therapy Centre,Ayurveda,"# 4016, 1st Cross, 17th Main, HAL 2nd Stage, Near Vidya Sagar Pre-School, Indiranagar, Bangalore.",BANGALORE,BLU11879AYATC,10 Aug 2030,7,KPME Karnataka Portal,2026-01-19T09:50:28.905468
Lifeline Kannur Polyclinic,Clinic/Polyclinic with Diagnostic Support,Allopathy,"Door No 3-24/3, Metalco Plaza, Adyar, Kannur, Mangalore",MANGALORE,DKA00251ALCDS,26 Jan 2026,7,KPME Karnataka Portal,2026-01-19T09:50:28.938846
Sri Skin Zone,Clinic/Polyclinic Only Consultation,Allopathy,"74, 4 th main, Hoysala nagar, R M Nagar, Bangalore",BANGALORE,BLU00327ALCOC,08 Jul 2025,7,KPME Karnataka Portal,2026-01-19T09:50:28.966909
The Family Doctor,Clinic/Polyclinic with Diagnostic Support,Allopathy,"Liss Cottage, Site # 1718-1719 Garden Layout, HSR 2nd Sector , HSR Layout Opposite Nagarjuna Apartments",,BLU00558ALCDS,20 Aug 2025,7,KPME Karnataka Portal,2026-01-19T09:50:29.016724
SHRI ISHWARAGOUDA R PATIL YATNAL DIALYSIS CENTRE,Hospital (Level 1A),Allopathy,2ND FLOOR KRISHNA COMPLEX S S ROAD VIJAYAPUR,,BIJ00063ALH1A,15 Jul 2025,7,KPME Karnataka Portal,2026-01-19T09:50:29.086145
RAJU CLINIC,Clinic/Polyclinic Only Consultation,Allopathy,"IMA COMPLEX, TOWN HALL CIRCLE, TUMAKURU-572101.",TUMAKURU,TMK00070ALCOC,09 Dec 2025,7,KPME Karnataka Portal,2026-01-19T09:50:29.172774
AMRUTH POLY CLINIC,Clinic/Polyclinic with Observation,Allopathy,"NO.10, 15TH A CROSS, OPP TO BBMP PARK, JUDICIAL LAYOUT, YELAHANKA, BANGALORE-560064.",BANGALORE,BLU01372ALCWO,17 Jan 2026,7,KPME Karnataka Portal,2026-01-19T09:50:29.255439
Cosmetic Dentist and Endodontist,Dental Lab or Clinic,Allopathy,"Siddarth Building ,Hotel Veenu International Building,Balmatta Road,",,DKA00617ALDEN,12 Dec 2026,7,KPME Karnataka Portal,2026-01-19T09:50:29.339776
SINDAGI SCAN CENTER,Clinic/Polyclinic with Diagnostic Support,Allopathy,"Sampath Building, Behind Bus Stop, Taluk Sindagi Dist Vijayapur.",,BIJ01552ALCDS,19 Aug 2030,7,KPME Karnataka Portal,2026-01-19T09:50:29.433458
NAYANA CLINIC,Clinic/Polyclinic Only Consultation,Ayurveda,"No.1307/2, Kuvempu Circle, Vijinapura, Bangalore",BANGALORE,BLU12548AYCOC,10 Nov 2030,7,KPME Karnataka Portal,2026-01-19T09:50:29.464247
SBREDTs SRI SATHYA SAI HOSPITAL,Hospital (Level 2),Allopathy,"Plot No. 19, Sattur, P. B. Road, Dharwad.",DHARWAD,DWR00106ALHL2,10 Nov 2025,7,KPME Karnataka Portal,2026-01-19T09:50:29.489043
AROGYA MANDIRA TRUST,AYUSH Therapy Centre,Yoga and Naturopathy,"148,1ST R BLOCK, NEAR ISCKON TEMPLE, RAJAJINAGAR,",,BLU08894YNATC,08 Sep 2029,7,KPME Karnataka Portal,2026-01-19T09:50:29.514060
DR SUMAN CLINIC,Clinic/Polyclinic Only Consultation,Allopathy,NO 129/130 SIDDALINGAPPA BUILDING SARAKKI MAIN ROAD 1ST PHASE JP NAGAR,,BLU02109ALCOC,21 Jul 2026,7,KPME Karnataka Portal,2026-01-19T09:50:29.559323
M/S ACHARYA TULSI DIAGNOSTIC CENTRE AND DENTAL CARE A JAIN SOCIAL CHARITABLE ORGANIZATION,Clinic/Polyclinic with Diagnostic Support,Allopathy,"NO 14/1, 80 FEET ROAD, VINAYAKANAGAR, SRINIVASANAGAR MAINROAD, BANGALORE-560050",BANGALORE,BLU11898ALCDS,11 Aug 2030,7,KPME Karnataka Portal,2026-01-19T09:50:29.641990
RAGHAVENDRA CLINIC,Clinic/Polyclinic Only Consultation,Allopathy,"ABOVE CANARA BANK, D B M ROAD, CHIKKABALLAPUR",,CBR00010ALCOC,12 Jan 2026,7,KPME Karnataka Portal,2026-01-19T09:50:29.726035
CARE & CURE HOSPITALS,Hospital (Level 1A),Allopathy,"# 143, 2ND MAIN, 7TH CROSS, KENGERI SATELLITE TOWN, BANGALORE-560060",BANGALORE,BLU01095ALH1A,08 Nov 2025,7,KPME Karnataka Portal,2026-01-19T09:50:29.818508
KERUDI HEALTHCARE PRIVATE LIMITED,Specialty / Super-Specialty Specific Hospital,Allopathy,"HALAMMA KERUDI CANCER AND HEART HOSPITAL, ROTARY CIRCLE, NAVANAGAR ROAD, BAGALKOT",,BGK01330ALSSH,06 Jan 2031,7,KPME Karnataka Portal,2026-01-19T09:50:29.896255
Swasthya Clinic,Clinic/Polyclinic with Dispensary,Ayurveda,Dr. Laxmikanth K L Swasthya Clinic Durga Complex Hiriadka,,UDP00075AYCWD,26 Jan 2026,7,KPME Karnataka Portal,2026-01-19T09:50:29.983118
VENKATESH MATERNITY AND SCANNING CENTRE,Hospital (Level 1B),Allopathy,NEAR VENKATESH THEATRE BESIDE SHRINIVAS PETROL PUMP GURLAPUR ROAD MUDALAGI,,BLG00097ALH1B,11 Jan 2026,7,KPME Karnataka Portal,2026-01-19T09:50:30.074222
MITHRA MULTISPECIALITY HOSPITAL,Hospital (Level 1A),Allopathy,"#6, SR LAYOUT, KYALASANAHALLI VILLAGE, JIGANI TOWN, BANGALORE-560105",BANGALORE,BLU12353ALH1A,17 Oct 2030,7,KPME Karnataka Portal,2026-01-19T09:50:30.137990
MEDHA SPECIALITY CENTRE,Clinic/Polyclinic Only Consultation,Allopathy,"#156, 2ND A CROSS, DOMLUR 2ND STAGE, BANGALORE-560071.",BANGALORE,BLU01452ALCOC,07 Feb 2026,7,KPME Karnataka Portal,2026-01-19T09:50:30.202671
MITHRA HI TECH DIAGNOSTIC CENTER,Medical Diagnostic Laboratory,Allopathy,"#550/A5 and A4, ARALIMARA CIRCLE, NEAR NOORANI AUTO STAND, K R ROAD, DAVANAGERE-57 001",DAVANAGERE,DVG00231ALMDL,26 Oct 2026,7,KPME Karnataka Portal,2026-01-19T09:50:30.248918
Sri Raksha Diagnostic centre,Medical Diagnostic Laboratory,Allopathy,"Near Govt Hospital, Terakanambi Gundlupet Taluk",,CNR00041ALMDL,13 Jul 2027,7,KPME Karnataka Portal,2026-01-19T09:50:30.307513
SWASTI SKIN CLINIC,Clinic/Polyclinic Only Consultation,Allopathy,"Bhagawati Arcade, Near Chowdeshwari Temple, After Railway Crossing, Shimoga.",,SMG00128ALCOC,23 Dec 2026,7,KPME Karnataka Portal,2026-01-19T09:50:30.410934
DR KIRAN KULKARNI CLINIC,Clinic/Polyclinic Only Consultation,Allopathy,"Primary Teachers Co Operative Society Building, Near Laxmi Narayan Temple, Raviwar Peth, Dharwad.",DHARWAD,DWR00120ALCOC,26 Nov 2025,7,KPME Karnataka Portal,2026-01-19T09:50:30.522999
JV DIAGNOSTICS CENTER,Clinic/Polyclinic with Diagnostic Support,Allopathy,"# 23, SHOP NO 23-1/1, GROUND FLOOR, RAGHAVACHARI LAYOUT, BASAVANNA NAGAR LAYOUT, HOODI VILLAGE, MAHADEVAPURA POST, BANGALORE-560048",BANGALORE,BLU01085ALCDS,08 Nov 2025,7,KPME Karnataka Portal,2026-01-19T09:50:30.644931
APOLLO HEALTH AND LIFESTYLE LTD,Medical Diagnostic Laboratory,Allopathy,"GROUND FLOOR , AND 2ND FLOOR , NO 2M-209 , NGEF LAYOUT , KASTURI NAGAR , BANGALORE -43",BANGALORE,BLU01084ALMDL,08 Nov 2025,7,KPME Karnataka Portal,2026-01-19T09:50:30.745864
NERV NEUROSURGERY CLINIC,Clinic/Polyclinic Only Consultation,Allopathy,"PARIN ARCADE, COLLECTORS GATE CIRCLE, BALMATTTA",,DKA00222ALCOC,20 Jan 2026,7,KPME Karnataka Portal,2026-01-19T09:50:30.839129
SRI VINAYAKA CHILDREN CLINIC,Clinic/Polyclinic Only Consultation,Allopathy,"#51, MUDDINAPALYA MAIN ROAD, ANJANANAGAR, MAGADI MAIN ROAD, VISHWANEEDAM POST, BANGALORE-560091",BANGALORE,BLU01080ALCOC,08 Nov 2025,7,KPME Karnataka Portal,2026-01-19T09:50:30.956086
SPOORTHI DIGNOSTICS,Medical Diagnostic Laboratory,Allopathy,KELOJI COMPLEX PAMPANAGAR NEAR GOVT HOSPITAL GANGAVATHI,,KPL00016ALMDL,30 Dec 2026,7,KPME Karnataka Portal,2026-01-19T09:50:31.051653
AM High Tech Laboratory,Medical Diagnostic Laboratory,Allopathy,"Malur main road, Near govt-APML Vokkaleri village, kolar taluk",KOLAR,KLR00043ALMDL,12 Aug 2026,7,KPME Karnataka Portal,2026-01-19T09:50:31.151250
AVIGHNA SPECIALITY CLINIC,Clinic/Polyclinic Only Consultation,Allopathy,"NO.95.96/1,SAI SADANA ,2ND CROSS,NEAR M S PALYA ,VIDYARANYAPURA ,BENGALORE -560097",,BLU01041ALCOC,08 Nov 2025,7,KPME Karnataka Portal,2026-01-19T09:50:31.239872
city diagnostics,Diagnostic Imaging Centre,Allopathy,"# 1-3-02, Rao taleem, dargapura road, Bidar-585401",BIDAR,BDR00037ALDIC,21 Mar 2026,7,KPME Karnataka Portal,2026-01-19T09:50:31.338938
DEVIKA MATERNITY HOME AND IVF CENTRE,Hospital (Level 1A),Allopathy,"SWASTIK NAGAR, RING ROAD, KALABURGI",,GLB00056ALH1A,30 Nov 2025,7,KPME Karnataka Portal,2026-01-19T09:50:31.450171
GANGOTRI MULTISPECIALITY HOSPITAL,Hospital (Level 1A),Allopathy,"HIREMATH COMPLEX, MALLI MAIN ROAD, YADRAMI QT.JEWARGI. DIST. KALABURAGI-585325",KALABURAGI,GLB00065ALH1A,10 Dec 2025,7,KPME Karnataka Portal,2026-01-19T09:50:31.549849
KUSAGUR CHILDRENS CLINIC,Clinic/Polyclinic Only Consultation,Allopathy,"KUSAGUR CHILDRENS CLINIC #1253/3A, SHIVAKUMARASWAMY BADAVANE, HADADI MAIN ROAD, DAVANAGERE.",DAVANAGERE,DVG00202ALCOC,29 Aug 2026,7,KPME Karnataka Portal,2026-01-19T09:50:31.648079
ATHARV WOMEN CARE AND FERTILITY CENTRE,Clinic/Polyclinic Only Consultation,Allopathy,"NO. 32, 3RD BLOCK, 2ND STAGE, NEAR BDA COMPLEX, NAGARBHAVI, BANGALORE -560072",BANGALORE,BLU00645ALCOC,06 Sep 2025,7,KPME Karnataka Portal,2026-01-19T09:50:31.761521
Sveta Clinic,Clinic/Polyclinic Only Consultation,Allopathy,"#448, 2nd cross, 1st stage, Indiranagar, Krishna temple road, Bangalore",BANGALORE,BLU01559ALCOC,24 Feb 2026,7,KPME Karnataka Portal,2026-01-19T09:50:31.865140
BENGALURU GENOMICS CENTER PVT LTD,Clinic/Polyclinic with Diagnostic Support,Allopathy,"Plot. No.40/2, 2nd Floor, Ramanashree California Gardens, Opp. to Duo Marvel Layout, Ananthapura Main Road, Yelahanka, Bengaluru",BENGALURU,BLU00614ALCDS,30 Aug 2025,7,KPME Karnataka Portal,2026-01-19T09:50:31.976566
Divine Women and Child Speciality Clinic,Clinic/Polyclinic Only Consultation,Allopathy,"No. 506 4th cross 3rd phase 2nd block, BSK 3 rd Stage, Bangalore",BANGALORE,BLU00809ALCOC,12 Oct 2025,7,KPME Karnataka Portal,2026-01-19T09:50:32.083314
GENEMATRIX MOLECULAR DIAGNOSTICS AND RESEARCH,Medical Diagnostic Laboratory,Allopathy,"PANJOOR PLAZA, 1ST MAIN ROAD, DR. RAJKUMAR ROAD, RAJAJINAGAR, BANGALORE",BANGALORE,BLU00780ALMDL,28 Sep 2025,7,KPME Karnataka Portal,2026-01-19T09:50:32.197377
HEALTHIANS DIAGNOSTICS LABS. EXPEDIENT HEALTHCARE MARKETING PVT LTD DBA HEALTHIANS.,Medical Diagnostic Laboratory,Allopathy,"No.4BC-301, The Summit, 3rd A Main, 4th B Cross, EAST of NGEF BDA Layout, Kasturinagar East, Ramamurthy Nagar Main Road, Bengaluru",BENGALURU,BLU00630ALMDL,02 Sep 2025,7,KPME Karnataka Portal,2026-01-19T09:50:32.293937
DR. ACHARYAS HOMOEOPATHIC HEALTH CARE CENTRE,Clinic/Polyclinic Only Consultation,Homeopathy,"Scouts Complex, Opp. District Court, Dharwad-580001.",DHARWAD,DWR00291HOCOC,22 May 2026,7,KPME Karnataka Portal,2026-01-19T09:50:32.390858
Venkateshwara clinic,Clinic/Polyclinic Only Consultation,Integrated System,Mandipete Ramnagara,,RMG00032ISCOC,10 Oct 2026,7,KPME Karnataka Portal,2026-01-19T09:50:32.496389
JP Diagnostic centre,Diagnostic Imaging Centre,Allopathy,"# 4-10-5, 24, Behind Indane Gas Agency, Near Old Bus Stand, Shahapur",,YDR00069ALDIC,21 Mar 2026,7,KPME Karnataka Portal,2026-01-19T09:50:32.615454
AYURVEDA CHIKITSA SALAHA KENDRA,Clinic/Polyclinic with Dispensary,Ayurveda,"#-71, E-Block, Gopala Gowda Extn, Droupadamma Circle, Shimoga.",,SMG00227AYCWD,19 Jul 2027,7,KPME Karnataka Portal,2026-01-19T09:50:32.712476
Tejaswini Clinic,Clinic/Polyclinic Only Consultation,Ayurveda,S B Colony Sindhanur,,RCR00082AYCOC,26 Apr 2027,7,KPME Karnataka Portal,2026-01-19T09:50:32.805981
Padmashree Clinic,Clinic/Polyclinic with Observation,Allopathy,"Head Office, Lakshmeshwar",,GDG00021ALCWO,18 Apr 2026,7,KPME Karnataka Portal,2026-01-19T09:50:32.922141
SAI BALAJI SPECIALITY CENTRE,Clinic/Polyclinic with Diagnostic Support,Allopathy,# 2537 OPP KRISHNA KALA MANDIRA MCC A BLOCK DAVANAGERE,DAVANAGERE,DVG00200ALCDS,23 Aug 2026,7,KPME Karnataka Portal,2026-01-19T09:50:33.033300
Mangala Clinic,Clinic/Polyclinic Only Consultation,Ayurveda,"Begur, Gundlupet Taluk",,CNR00017AYCOC,26 Jul 2026,7,KPME Karnataka Portal,2026-01-19T09:50:33.144071
TANMAYI LABORATORY,Medical Diagnostic Laboratory,Allopathy,"CHIKKERUR ROAD, VIDYA NAGAR, NEAR GANESH TEMPLE HIREKERUR",,HVR00162ALMDL,23 Mar 2026,7,KPME Karnataka Portal,2026-01-19T09:50:33.244906
Hi Tech Diagnostics,Clinic/Polyclinic with Diagnostic Support,Allopathy,"1st Floor, Municipality Complex, Near KSRTC Bus Stand, Ankola, Uttara-Kannada District",,UKA00014ALCDS,10 Feb 2026,7,KPME Karnataka Portal,2026-01-19T09:50:33.341316
MANISHA HEALTH CARE CLINIC,Clinic/Polyclinic Only Consultation,Allopathy,"13,11 MAIN ,3 RD BLOCK EAST ,JAYANAGAR BENGALURU 560011",BENGALURU,BLU08706ALCOC,02 Sep 2029,7,KPME Karnataka Portal,2026-01-19T09:50:33.453951
AMAN CLINICAL LABORATORY,Medical Diagnostic Laboratory,Allopathy,"# 4803 1st Cross Shivaji Nagar, Belagavi Tq/Dt.Belagavi",BELAGAVI,BLG00321ALMDL,25 Jul 2026,7,KPME Karnataka Portal,2026-01-19T09:50:33.509093
NISARGA CARE AND CURE MULTISPECIALITY HOSPITAL,Hospital (Level 1A),Allopathy,"OPP OM NAGAR GATE, OKALY CAMP BUILDING, SEDAM ROAD ,KALABURAGI-585105",KALABURAGI,GLB00198ALH1A,27 Apr 2026,7,KPME Karnataka Portal,2026-01-19T09:50:33.602298
M/S Saikrupa Diabetes Care Centre,Clinic/Polyclinic Only Consultation,Allopathy,Court Road Yadgiri,YADGIR,YDR00056ALCOC,03 Mar 2026,7,KPME Karnataka Portal,2026-01-19T09:50:33.713519
MANIPAL CLINIC,Clinic/Polyclinic with Diagnostic Support,Allopathy,"# 1317, 1ST CROSS, J P NAGAR 2ND PHASE, BANGALURU - 560078",,BLU01453ALCDS,07 Feb 2026,7,KPME Karnataka Portal,2026-01-19T09:50:33.824747
BELLARY FETAL MEDICINE CENTRE,Diagnostic Imaging Centre,Allopathy,"WARD NO 20, HOUSE NO 30/1, 2ND CROSS, BEHIND MOTHER THERESA SCHOOL, GADHINAGAR BALLARI",BALLARI,BEL00118ALDIC,04 Mar 2026,7,KPME Karnataka Portal,2026-01-19T09:50:33.917559
ABHI DIAGNOSTIC LAB,Medical Diagnostic Laboratory,Allopathy,"NCC Complex, Kolachalam Compound Opp Old KSRTC Bus Stand",,BEL00258ALMDL,07 Sep 2026,7,KPME Karnataka Portal,2026-01-19T09:50:34.022619
TIRUMALA ORTHOPAEDIC & SURGICAL SPECIALITY CENTER NEWBORN & KIDS CARE CENTER,Clinic/Polyclinic with Observation,Allopathy,"#73,20TH CROSS,2ND STAGE,GAYATHRI LAYOUT,BASAVANAPURA MAIN ROAD, KRISHNARAJAPURAM",,BLU01505ALCWO,16 Feb 2026,7,KPME Karnataka Portal,2026-01-19T09:50:34.140250
2,1,1 2 3 4 5 6 7 8 9 10 ...,3,,5,4,7,KPME Karnataka Portal,2026-01-19T09:50:34.218920
3,2,1,4,,6,5,7,KPME Karnataka Portal,2026-01-19T09:50:34.280745
SANJEEVINI POLY CLINIC,Clinic/Polyclinic with Dispensary,Allopathy,GURUKULA SUPER MARKET B H ROAD TIPTUR,,TMK00231ALCWD,24 Sep 2026,8,KPME Karnataka Portal,2026-01-19T09:50:37.942982
SRI VINAYAKA CLINIC,Clinic/Polyclinic Only Consultation,Allopathy,B M ROAD PERIYAPATNA TOWN AND TQ MYSORE DIST,MYSORE,MYS00654ALCOC,24 Aug 2027,8,KPME Karnataka Portal,2026-01-19T09:50:38.032844
JEELANI CLINIC,Clinic/Polyclinic Only Consultation,Homeopathy,NEAR GANGA NAGAR/ASAR MOHALLA HALIPETH SHAHAPUR,,YDR00110HOCOC,01 Sep 2026,8,KPME Karnataka Portal,2026-01-19T09:50:38.119298
KAMALA MULTI SPECIALITY CLINIC,Dental Lab or Clinic,Allopathy,VAMSHAVRIKSHA HOSPITAL BUILDING BALAJINAGARA SIRA TALUK TUMAKURU DISTRICT 572137,TUMAKURU,TMK00204ALDEN,25 Aug 2026,8,KPME Karnataka Portal,2026-01-19T09:50:38.210886
SHRINIVAS CLINICAL LABORATORY,Medical Diagnostic Laboratory,Allopathy,COURT ROAD JAMKHANDI,,BGK00337ALMDL,03 Apr 2027,8,KPME Karnataka Portal,2026-01-19T09:50:38.296995
DURGA CLINIC,Clinic/Polyclinic Only Consultation,Integrated System,DURGA CLINIC YEDTHARE BYNDOOR KUNDAPURA TALUK,,UDP00713ISCOC,19 May 2027,8,KPME Karnataka Portal,2026-01-19T09:50:38.371199
LIFE ZONE CLINIC,Clinic/Polyclinic Only Consultation,Homeopathy,OPPOSITE URDU SCHOOL HUNGANOOR,,RMG00071HOCOC,04 May 2027,8,KPME Karnataka Portal,2026-01-19T09:50:38.437720
BAIDASHREE CLINICAL LABORATORY,Clinic/Polyclinic with Diagnostic Support,Allopathy,"BAIDASHREE CLINICAL LABORATORY, DOOR NO 6-52, SHOP NO 7, GROUND FLOOR S.K. POOJARY COMPLEX, BELOW SYNDICATE BANK, HEBRI, KARKALA TQ 576112",,UDP00480ALCDS,28 Nov 2026,8,KPME Karnataka Portal,2026-01-19T09:50:38.525185
Karthik Netralaya Institute of Ophthalmology Pvt. Ltd.,Hospital (Level 2),Allopathy,"Karthik Netralaya Institute of Ophthalmology Pvt. Ltd., #89, 6th Cross, Ashoknagar, BSK 1st Stage, Bangalore - 560 050",BANGALORE,BLU03111ALHL2,04 Mar 2027,8,KPME Karnataka Portal,2026-01-19T09:50:38.614913
SANJEEVINI CLINIC,Clinic/Polyclinic Only Consultation,Ayurveda,"NEXT TO S L V MEDICALS AND GENERAL STORES, MUNNEKOLALU LAST BUS STOP, MARATHAHALLI POST, BANGALORE-560037",BANGALORE,BLU02370AYCOC,19 Sep 2026,8,KPME Karnataka Portal,2026-01-19T09:50:38.703063
SRI VISHNU CLINIC,Clinic/Polyclinic with Dispensary,Ayurveda,AT KOUSTHUBHA COMPLEX OPP.NEJAR PLAY GROUND NEJAR SANTHEKATTE UDUPI TQ. PIN 576105,UDUPI,UDP00347AYCWD,15 Sep 2026,8,KPME Karnataka Portal,2026-01-19T09:50:38.798925
Rakesh Reddys Skin Clinic,Clinic/Polyclinic with Dispensary,Allopathy,"#101, 3rd Cross, UAS Layout, Sanjay nagar, Bhoopasandra, Bengaluru",BENGALURU,BLU04366ALCWD,08 Mar 2028,8,KPME Karnataka Portal,2026-01-19T09:50:38.896461
ASHWINI CLINIC,Clinic/Polyclinic with Dispensary,Ayurveda,UPPUNDA KUNDAPURA TALUK,,UDP00453AYCWD,28 Nov 2026,8,KPME Karnataka Portal,2026-01-19T09:50:38.986287
POOJA POLY CLINIC,Clinic/Polyclinic Only Consultation,Ayurveda,"No. 45/2B-370, Opp. Tulasi Theatre, Marathahalli, Bangalore - 560037",BANGALORE,BLU03197AYCOC,27 Mar 2027,8,KPME Karnataka Portal,2026-01-19T09:50:39.060963
S.J HOSPITAL,Hospital (Level 1A),Allopathy,NO 2 NGEF LAYOUT SANJAY NAGAR,,BLU02503ALH1A,15 Oct 2026,8,KPME Karnataka Portal,2026-01-19T09:50:39.134072
MEDICARE DIAGNOSTICS AND CLINICAL LABORATORY,Medical Diagnostic Laboratory,Allopathy,Almedia Complex BesideS SCDCC Bank Kilenjaru Village Kuppepadavu,,DKA01397ALMDL,24 Jan 2028,8,KPME Karnataka Portal,2026-01-19T09:50:39.223747
HEGDE EYE FOUNDATION,Clinic/Polyclinic with Dispensary,Allopathy,"SEEMA COMPLEX , NEXT TO MONI BASADI , MAIN ROAD BHATKAL",,UKA00067ALCWD,27 Oct 2026,8,KPME Karnataka Portal,2026-01-19T09:50:39.315965
TRINITY DENTAL CARE,Dental Lab or Clinic,Allopathy,"2nd Lane Killa, Beside Karnataka Bank, CBT, Hubballi.",,DWR00419ALDEN,21 Dec 2026,8,KPME Karnataka Portal,2026-01-19T09:50:39.405974
CLOVE DENTAL Star Dental Centre Private Limited,Dental Lab or Clinic,Allopathy,"Sai Krishna Arcade, 1st Floor No 505/26, Uttarahalli Main Rd, above Vi Store, Bengaluru, Karnataka 571403",BENGALURU,BLU02751ALDEN,13 Dec 2026,8,KPME Karnataka Portal,2026-01-19T09:50:39.501459
MATRU SANJEEVINI CLINIC,Clinic/Polyclinic Only Consultation,Ayurveda,TMC ROAD HORAPET GALLI MUDDEBIHAL DIST VIJAYAPUR,,BIJ00351AYCOC,21 Jan 2027,8,KPME Karnataka Portal,2026-01-19T09:50:39.594005
SAHARA CLINIC,Clinic/Polyclinic Only Consultation,Ayurveda,OPP FIRE STATION BB ROAD HASANAPUR CAMP TQ SHORAPUR DIST YADGIR,YADGIR,YDR00126AYCOC,12 Oct 2026,8,KPME Karnataka Portal,2026-01-19T09:50:39.637989
MultispecialityDaycareHospital,Hospital (Level 1A),Allopathy,#306 1st floor Poonam Chambers HRBR Layout Hennur Main road Bangalore43,BANGALORE,BLU02231ALH1A,22 Aug 2026,8,KPME Karnataka Portal,2026-01-19T09:50:39.693157
BLDEAS AVS AYURVEDA MAHAVIDYALAYA HOSIPTAL VIJAYAPUR,Hospital (Level 4)(Teaching),Ayurveda,"VIDYA NAGAR, BAGALKOT ROAD, VIJAYAPUR",,BIJ00246AYHL4,02 Sep 2026,8,KPME Karnataka Portal,2026-01-19T09:50:39.769552
G.E.F EYE HOSPITAL,Hospital (Level 4)(Teaching),Allopathy,"A.I.R. Old Madras Road, Hoskote",,BLR00108ALHL4,28 Dec 2026,8,KPME Karnataka Portal,2026-01-19T09:50:39.862336
SADGURU SIDDAROODH SWAMY HOSPITAL,Hospital (Level 1A),Allopathy,SIDDANILAYA NEAR HANUMAN TEMPLE NELOGI TQ. JEWARGI DIST.KALABURAGI-585310,KALABURAGI,GLB00365ALH1A,15 Nov 2026,8,KPME Karnataka Portal,2026-01-19T09:50:39.948298
PRASAD CLINIC,Clinic/Polyclinic with Dispensary,Ayurveda,PAVSKAR COMPLEX NH 66 BYNDOOR,,UDP00457AYCWD,28 Nov 2026,8,KPME Karnataka Portal,2026-01-19T09:50:40.006125
OJUS CLINIC,Clinic/Polyclinic Only Consultation,Ayurveda,"OJUS CLINIC, PRABHANJAN BUILDING, RAILWAY STATION ROAD, MALAMADDI, DHARWAD",DHARWAD,DWR00366AYCOC,30 Sep 2026,8,KPME Karnataka Portal,2026-01-19T09:50:40.063919
DEVAKRUPA CHILDRENS CLINIC,Clinic/Polyclinic Only Consultation,Allopathy,"Kuvempu Road, Opp. to IDBI Bank, Shimoga",,SMG00196ALCOC,04 Apr 2027,8,KPME Karnataka Portal,2026-01-19T09:50:40.146959
PREETHAM CLINIC,Clinic/Polyclinic Only Consultation,Homeopathy,"2nd Division Sri Revanasiddeshwara Beedhi, Back side of Sri Narendra Emporium, Turuvekere Taluk Tumakuru District - 527772",TUMAKURU,TMK00211HOCOC,23 Sep 2026,8,KPME Karnataka Portal,2026-01-19T09:50:40.229771
MYSORE HOMOEPATHIC CENTRE,Clinic/Polyclinic Only Consultation,Homeopathy,"# 318, D SUBBAIAH ROAD, MYSURU - 570024",MYSURU,MYS00577HOCOC,01 Jul 2027,8,KPME Karnataka Portal,2026-01-19T09:50:40.319496
ANANYA DENTAL CLINIC,Dental Lab or Clinic,Allopathy,GOVINDPUR GALLI MK COLLEGE ROAD SHIVAJICIRCLE MUDHOL,,BGK00169ALDEN,03 Oct 2026,8,KPME Karnataka Portal,2026-01-19T09:50:40.379832
SHAILAJA HOSPITAL,Hospital (Level 2),Allopathy,MAHAVEER ROAD OPP.WATER TANK BAGALKOT 587101,,BGK00177ALHL2,10 Oct 2026,8,KPME Karnataka Portal,2026-01-19T09:50:40.470224
M/s. Krupa Health Centre,Clinic/Polyclinic Only Consultation,Allopathy,"Site No. 3, Khatha No. 18, Shop No. 2,3,4, Maruthi Nagar, Mahadeshwaranagara Main Road, Herohalli Cross, Bengaluru -560091",BENGALURU,BLU02332ALCOC,07 Sep 2026,8,KPME Karnataka Portal,2026-01-19T09:50:40.566557
HOYSALA HEALTH CARE,Clinic/Polyclinic with Diagnostic Support,Allopathy,"HOYSALA HEALTH CARE, NEAR CANARA BANK, MEGALPETE, K.M.ROAD",,CKM00058ALCDS,17 Nov 2026,8,KPME Karnataka Portal,2026-01-19T09:50:40.647898
SKINMATICS,Clinic/Polyclinic with Observation,Allopathy,"1st Floor, Above Jockey Showroom, New Airport Road, Byreshwara Layout, Hennur Bande, HBR Layout, Bengaluru-560043",BENGALURU,BLU02924ALCWO,26 Jan 2027,8,KPME Karnataka Portal,2026-01-19T09:50:40.713550
GANESH AYUR AND HOMOEO CLINIC,Clinic/Polyclinic Only Consultation,Ayurveda,"K.P. COMPLEX, MAIN ROAD, PUTTUR D.K. 574201",,DKA00772AYCOC,31 Mar 2027,8,KPME Karnataka Portal,2026-01-19T09:50:40.795474
Manjunatha Clinic,Clinic/Polyclinic Only Consultation,Allopathy,"Ameer Jan Road, Gundlupet",,CNR00149ALCOC,02 Sep 2030,8,KPME Karnataka Portal,2026-01-19T09:50:40.873877
SMT Puttanarasamma Charitable Health Centre,Clinic/Polyclinic with Diagnostic Support,Allopathy,"No.01, Adakamaranahalli Village, Makali Post, Dasanapura Hobli, Bangalore - 562162",BANGALORE,BLU02925ALCDS,26 Jan 2027,8,KPME Karnataka Portal,2026-01-19T09:50:40.972024
CHIRAYU HEALTH CLINIC,Clinic/Polyclinic Only Consultation,Ayurveda,"B R AMBEDKAR ROAD, KRISHNAMURTHY PURAM, MYSURU",MYSURU,MYS00142AYCOC,20 Sep 2026,8,KPME Karnataka Portal,2026-01-19T09:50:41.080150
APIS KIDNEY STONE INSTITUTE,Hospital (Level 1B),Allopathy,"FALNIR HEALTH CENTRE, 1ST FLOOR, FALNIR MANGALORE 575001",MANGALORE,DKA00590ALH1B,12 Dec 2026,8,KPME Karnataka Portal,2026-01-19T09:50:41.179823
DR.RAMESH ADIGA CLINIC,Clinic/Polyclinic with Dispensary,Ayurveda,"TEMPLE SQUARE ,MANDARTHI. HEGGUNJE VILLAGE, UDUPI-TQ",UDUPI,UDP00694AYCWD,18 May 2027,8,KPME Karnataka Portal,2026-01-19T09:50:41.289810
NAGAVENI PATIL MATERNITY HOME,Hospital (Level 1A),Allopathy,"NEAR GOVT. TOOL AND TRAINING CENTRE, DARSHANAPUR LAYOUT M G ROAD, KALABURAGI-585101",KALABURAGI,GLB00394ALH1A,21 Dec 2026,8,KPME Karnataka Portal,2026-01-19T09:50:41.383193
Prabha Orthopaedic Centre,Clinic/Polyclinic Only Consultation,Allopathy,No.81 1st Floor S.T Bed Opp 80 Ft Road Behind Maharaja Restaurant 4th Block Koramangala Bengaluru,BENGALURU,BLU03048ALCOC,22 Feb 2027,8,KPME Karnataka Portal,2026-01-19T09:50:41.485802
BASAVA CLINIC,Clinic/Polyclinic Only Consultation,Ayurveda,NEAR TVS SHOWROOM SBI BANK MAIN ROAD KEMBHAVI,,YDR00131AYCOC,21 Oct 2026,8,KPME Karnataka Portal,2026-01-19T09:50:41.563668
M/s AKSHAYA CLINIC,Clinic/Polyclinic Only Consultation,Ayurveda,RACHAYYA MUTYA STREET HUNASAGI,,YDR00138AYCOC,21 Oct 2026,8,KPME Karnataka Portal,2026-01-19T09:50:41.660219
SWASTHYA EYE CARE,Clinic/Polyclinic with Observation,Allopathy,"AARNA , # 109 /358 , 1ST FLOOR , ‘A’ WING , OPP TO NANDINI MILK DAIRY , MIRZA ROAD , ANEKAL -562106",,BLU02931ALCWO,26 Jan 2027,8,KPME Karnataka Portal,2026-01-19T09:50:41.755286
CLINIC HERA,Clinic/Polyclinic Only Consultation,Allopathy,"# 32 /33 , SUBHASH CHANDRA BOSE ROAD , BENDRE NAGAR , BSK 2ND STAGE , BANGALORE-560070",BANGALORE,BLU02490ALCOC,15 Oct 2026,8,KPME Karnataka Portal,2026-01-19T09:50:41.852516
Svastii,Clinic/Polyclinic Only Consultation,Allopathy,"967, first floor, first block, BTM 4th stage",,BLU02727ALCOC,07 Dec 2026,8,KPME Karnataka Portal,2026-01-19T09:50:41.960258
Veerabhadragowda P B,Clinic/Polyclinic Only Consultation,Ayurveda,"Bank Road, Mahadevapura Village, Srirangapatna Taluk",,MAN00179AYCOC,20 Oct 2026,8,KPME Karnataka Portal,2026-01-19T09:50:42.057103
KAMALA ULTRASOUND SCAN CENTRE,Diagnostic Imaging Centre,Allopathy,"KAMALA ULTRASOUND SCAN CENTRE, NEAR KANAKA CIRCLE, HOLALKERE ROAD, CHITRADURGA 577501",CHITRADURGA,CTR00182ALDIC,10 Mar 2027,8,KPME Karnataka Portal,2026-01-19T09:50:42.109984
MUGDHA ULTRASOUND SCAN CENTRE,Diagnostic Imaging Centre,Allopathy,"MUGDHA ULTRASOUND SCAN CENTRE, GROUND FLOOR ZILLA YADAVA GOLLARA SANGHA BUILDING, NEAR RANGAYYANA BAGILU, CHITRADURGA 577501",CHITRADURGA,CTR00188ALDIC,14 Mar 2027,8,KPME Karnataka Portal,2026-01-19T09:50:42.172304
NOBLE CLINIC,Clinic/Polyclinic Only Consultation,Unani,"K LAKSHMI NARAYAN REDDY BUILDING, HARLUR MAIN ROAD , HARLUR BANGALORE-560102",BANGALORE,BLU04259UNCOC,14 Feb 2028,8,KPME Karnataka Portal,2026-01-19T09:50:42.263006
JAJEE CLINIC,Clinic/Polyclinic Only Consultation,Allopathy,SHOP NO-4-1145GF ATTAR BAZAR MAKTAMPUR KALABURAGI-585101,KALABURAGI,GLB01177ALCOC,02 Jul 2029,8,KPME Karnataka Portal,2026-01-19T09:50:42.360880
Skin and V D Clinic,Clinic/Polyclinic with Dispensary,Allopathy,"K P Complex, Main Road Puttur",,DKA00770ALCWD,31 Mar 2027,8,KPME Karnataka Portal,2026-01-19T09:50:42.446786
Sri kantesh hospital and orthopedic and trauma care center,Hospital (Level 1A),Allopathy,"no.1/b 1st cross Rajendra nagar, PB road haveri 58110",HAVERI,HVR00377ALH1A,19 Jul 2027,8,KPME Karnataka Portal,2026-01-19T09:50:42.534023
Pragathi Scanning Centre,Clinic/Polyclinic with Diagnostic Support,Allopathy,"#1303, Y M Gopalappa Building, Opposite BDK Complex, B B road, Yelahanka Old Town",,BLU03343ALCDS,09 May 2027,8,KPME Karnataka Portal,2026-01-19T09:50:42.625527
AAYANA DIAGNOSTIC CENTRE,Medical Diagnostic Laboratory,Allopathy,"D/NO 7/593, UJJINI ROAD, KOTTUR TALUK, VIJAYANAGARA DISTRICT",,BEL00309ALMDL,22 Apr 2027,8,KPME Karnataka Portal,2026-01-19T09:50:42.677003
SHARANA BASAVA DANTHALAYA,Clinic/Polyclinic with Dispensary,Allopathy,SHAHAPUR,,YDR00427ALCWD,07 Feb 2027,8,KPME Karnataka Portal,2026-01-19T09:50:42.706546
SHREE GURU DIAGNOSTIC SCANNING CENTRE,Diagnostic Imaging Centre,Allopathy,"NO.03, AL-AZEEZ MULTI STOREYARD COMPLEX, RAZVI ROAD, Tq.ALAND DIST.KALABURAGI-585302",KALABURAGI,GLB00591ALDIC,14 Jul 2027,8,KPME Karnataka Portal,2026-01-19T09:50:42.767632
Kiran Hospital and Diagnostics,Hospital (Level 1A),Allopathy,"opposite to Govt Girls PU college ,M G road Srinivaspur.Kolar",KOLAR,KLR00138ALH1A,12 Jun 2027,8,KPME Karnataka Portal,2026-01-19T09:50:42.872584
JYOTHI HOMOEO CLINIC,Clinic/Polyclinic Only Consultation,Homeopathy,BHARATHI STREET SRINGERI 577139,,CKM00352HOCOC,08 Jan 2029,8,KPME Karnataka Portal,2026-01-19T09:50:42.978490
AYUR AROGYAM,AYUSH Therapy Centre,Ayurveda,"NO 26, 2ND MAIN SUBRAMANYAPURA MAIN ROAD, UTTARAHALLI, BANGALORE-560061",BANGALORE,BLU03079AYATC,24 Feb 2027,8,KPME Karnataka Portal,2026-01-19T09:50:43.076099
LIFE HEALTH CARE AND LAB,Clinic/Polyclinic with Diagnostic Support,Allopathy,"# 1/35, GAJANANA COMPLEX TENT CIRCLE KYATHAMARANAHALLI, MYSORE",MYSORE,MYS00479ALCDS,26 May 2027,8,KPME Karnataka Portal,2026-01-19T09:50:43.168788
SHREE VINAYAK MULTISPECIALITY CLINIC,Clinic/Polyclinic with Dispensary,Allopathy,"Near LIC Circle, Navanagar, BAGALKOT",,BGK00416ALCWD,17 Jun 2027,8,KPME Karnataka Portal,2026-01-19T09:50:43.266318
GOROSHI SCAN AND DIAGNOSTIC CENTER,Clinic/Polyclinic with Diagnostic Support,Allopathy,"R.S. NO. 191/1/F, BASAV NAGAR, GOKAK",,BLG00680ALCDS,30 Mar 2027,8,KPME Karnataka Portal,2026-01-19T09:50:43.367153
padmashree nursing and maternity home,Hospital (Level 1B),Allopathy,"No.1108/30, 10th Main, RPC Layout, Vijaynagar 2nd Stage, Bangalore-560104",BANGALORE,BLU03119ALH1B,08 Mar 2027,8,KPME Karnataka Portal,2026-01-19T09:50:43.464187
APOORVA DIAGNOSTIC AND HEALTH CARE,Diagnostic Imaging Centre,Allopathy,"A UNIT OF VITTALS MEDICARE PRIVATE LIMITED, 190/1, 6TH MAIN, DEFENCE COLONY, INDIRANAGAR, BANGALORE",BANGALORE,BLU03279ALDIC,10 Apr 2027,8,KPME Karnataka Portal,2026-01-19T09:50:43.559887
MEDI TECH CT SCAN CENTER,Diagnostic Imaging Centre,Allopathy,OPP KEB HOSAHOLALU ROAD K R PETE,,MAN00223ALDIC,27 Apr 2027,8,KPME Karnataka Portal,2026-01-19T09:50:43.652834
JSS AYURVEDA MEDICAL COLLEGE AND HOSPITAL,Hospital (Level 4)(Teaching),Ayurveda,"41/E, LALITHADRIPURA ROAD, ALANAHALLI, MYSURU",MYSURU,MYS00431AYHL4,18 May 2027,8,KPME Karnataka Portal,2026-01-19T09:50:43.745293
SUNANDA EYE Hospital,Clinic/Polyclinic Only Consultation,Allopathy,"N0.650A, ground floor, Keerthi arcade, Road, opp Canara bank Shankar Mutt Road, KR.Puram. Hassan-573201",HASSAN,HSN00143ALCOC,17 May 2027,8,KPME Karnataka Portal,2026-01-19T09:50:43.848481
HOLYCROSSHOSPITAL,Hospital (Level 2),Allopathy,"KAMAGERE, KOLLEGAL TALUK CHAMARAJANAGAR DISTRICT",,CNR00036ALHL2,02 Mar 2027,8,KPME Karnataka Portal,2026-01-19T09:50:43.955162
V SCANS AND IMAGING CENTRE,Clinic/Polyclinic with Diagnostic Support,Allopathy,"F3,1ST FLOOR ,CKR COMPLEX,SEEGEHALLI VILLAGE ,BANGALORE-560067,",BANGALORE,BLU03051ALCDS,22 Feb 2027,8,KPME Karnataka Portal,2026-01-19T09:50:44.070924
Sai fertility centre,Clinic/Polyclinic Only Consultation,Allopathy,"Opp boob bhavan, behind Jain temple,beroon quilla,raichur",RAICHUR,RCR00062ALCOC,13 Mar 2027,8,KPME Karnataka Portal,2026-01-19T09:50:44.186507
S J HOSPITAL,Hospital (Level 1B),Allopathy,CHANNABASAVA NAGAR RAVINDRA SCHOOL CROSS KUMBARWADA ROAD BIDAR,BIDAR,BDR00133ALH1B,12 Jun 2027,8,KPME Karnataka Portal,2026-01-19T09:50:44.246203
AGASTHYA AYURVEDA AND PANCHAKARMA CLINIC,AYUSH Therapy Centre,Ayurveda,Opp. Vishnumurthy Petrol Bunk Soorebettu Cross Cherkady Brahmavara,,UDP00641AYATC,30 Mar 2027,8,KPME Karnataka Portal,2026-01-19T09:50:44.271887
CARE AND CURE HOSPITAL,Hospital (Level 1A),Allopathy,BEHIND NEW DR JADHAV HOSPITAL BHALKI,,BDR00123ALH1A,19 Apr 2027,8,KPME Karnataka Portal,2026-01-19T09:50:44.301240
RAOS CLINIC,Clinic/Polyclinic with Dispensary,Ayurveda,PADMASHREE VIVEKANANDA MARG AJJARKAD UDUPI 1,UDUPI,UDP00659AYCWD,31 Mar 2027,8,KPME Karnataka Portal,2026-01-19T09:50:44.339666
Sri sathya sai clinic,Clinic/Polyclinic Only Consultation,Allopathy,#127 3rd cross NES Extention malavalli,,MAN00243ALCOC,14 Jul 2027,8,KPME Karnataka Portal,2026-01-19T09:50:44.435930
Sri Renuka Multi Speciality Hospital,Hospital (Level 1B),Allopathy,Opp Bus-stand Adharsha Colony Sindhanur,,RCR00013ALH1B,02 Mar 2026,8,KPME Karnataka Portal,2026-01-19T09:50:44.546383
M/s. SUNITHA CLINIC,Clinic/Polyclinic Only Consultation,Allopathy,"#276,1st Main Road, 3rd Cross, Rajagopal nagar, Peenya 2nd Stage, Bengaluru-560058",BENGALURU,BLU01421ALCOC,27 Jan 2026,8,KPME Karnataka Portal,2026-01-19T09:50:44.639932
MUHAMMED SULAIMAN CLINIC,Clinic/Polyclinic Only Consultation,Allopathy,"MAIN ROAD, OPP COWL BAZAAR POLICE STATION, COWL BAZAAR",,BEL00168ALCOC,16 Apr 2026,8,KPME Karnataka Portal,2026-01-19T09:50:44.698246
THE DENTAL LOUNGE CLINIC,Dental Lab or Clinic,Allopathy,"MONICIA HAILL VIEW , BEHIND URWA STORE BUS STAND MANGALORE",MANGALORE,DKA00746ALDEN,31 Mar 2027,8,KPME Karnataka Portal,2026-01-19T09:50:44.765990
KREA DENTAL,Dental Lab or Clinic,Allopathy,"#731,7th main, RBI layout, JP nagar 7th phase, Bangalore, 560078",BANGALORE,BLU01485ALDEN,08 Feb 2026,8,KPME Karnataka Portal,2026-01-19T09:50:44.852442
Vinayaka diagnostic centre,Diagnostic Imaging Centre,Allopathy,"Benaka, gurupura kaikamba, post kinnilambla, Mangalore taluk",MANGALORE,DKA00630ALDIC,10 Jan 2027,8,KPME Karnataka Portal,2026-01-19T09:50:44.970326
IMAX DIAGNOSTICS,Medical Diagnostic Laboratory,Allopathy,"# 608, 5th ‘A’ Cross, opposite Royal Concorde International School, 2nd Block, HRBR Layout, Banaswadi, Kalyan Nagar Bangalore - 560043.",BANGALORE,BLU01390ALMDL,18 Jan 2026,8,KPME Karnataka Portal,2026-01-19T09:50:45.072494
GUDI SKIN CARE CLINIC,Clinic/Polyclinic Only Consultation,Allopathy,"AKULACHALAMAIAH STREET, KAPPAGAL ROAD,",,BEL00126ALCOC,04 Mar 2026,8,KPME Karnataka Portal,2026-01-19T09:50:45.183255
Apoorva Hospital,Hospital (Level 1A),Allopathy,Abhilash layout. B.H Road,,CBR00032ALH1A,31 Mar 2026,8,KPME Karnataka Portal,2026-01-19T09:50:45.314003
PADMA CLINIC,Clinic/Polyclinic Only Consultation,Allopathy,"# 39, THEOBALD RAOD, NAZARBAD, MYSORE - 570010",MYSORE,MYS02065ALCOC,25 Nov 2030,8,KPME Karnataka Portal,2026-01-19T09:50:45.417171
LAKSHMI EYE HOSPITAL,Clinic/Polyclinic Only Consultation,Allopathy,"CSI HOSPITAL ROAD, CHIKKABALLAPUR",,CBR00031ALCOC,31 Mar 2026,8,KPME Karnataka Portal,2026-01-19T09:50:45.511770
Sri Sai Ram Clinic,Clinic/Polyclinic with Observation,Ayurveda,No 19 at vv extention kaveri nagar 1st cross kannurahalli road hosakote,,BLR00425AYCWO,02 Aug 2028,8,KPME Karnataka Portal,2026-01-19T09:50:45.623452
SWASTIC CLINIC,Clinic/Polyclinic Only Consultation,Allopathy,"Bangalore Road, Bandimote",BANGALORE,BEL00512ALCOC,31 Jul 2028,8,KPME Karnataka Portal,2026-01-19T09:50:45.742945
DR MURTHYS CLASSICAL HOMOEOPATHY HOSPITAL,Clinic/Polyclinic with Observation,Homeopathy,Opposite to old bus stand B B road,,YDR00087HOCWO,22 May 2026,8,KPME Karnataka Portal,2026-01-19T09:50:45.860744
Sagri Lab,Medical Diagnostic Laboratory,Allopathy,"Vidya complex, station Road, Yadgir",YADGIR,YDR00391ALMDL,20 Dec 2026,8,KPME Karnataka Portal,2026-01-19T09:50:45.987136
SUSHRUTA AYURVEDA HOSPITAL AND RESEARCH CENTRE,Clinic/Polyclinic with Observation,Ayurveda,"Kanyal Building, Sorabadmath Galli, Victoria Road, Hubballi-580020.",,DWR00477AYCWO,27 Aug 2027,8,KPME Karnataka Portal,2026-01-19T09:50:46.099086
JAYASHREE NETHRALAYA AND FAMILY CLINIC,Clinic/Polyclinic with Observation,Allopathy,"Venkata Sai Nilayam, M1, 2nd Main, Urban Clusters Layout, T C Palya, K R Puram. Bengaluru-560036",BENGALURU,BLU02508ALCWO,15 Oct 2026,8,KPME Karnataka Portal,2026-01-19T09:50:46.207319
Shroff dental clinic and Orthodontic center,Dental Lab or Clinic,Allopathy,"Brigade Links, G-6, 1st Main Rd, Seshadripuram, Bengaluru, Karnataka 560020",BENGALURU,BLU01430ALDEN,29 Jan 2026,8,KPME Karnataka Portal,2026-01-19T09:50:46.301938
BHAGYASHRI DENTAL CLINIC,Dental Lab or Clinic,Allopathy,#250 BHAGYASHRI ANNAPURNESHWARI TEMPLE ROAD RHCS LAYOUT,,BLU01480ALDEN,08 Feb 2026,8,KPME Karnataka Portal,2026-01-19T09:50:46.394766
NATURE CLINIC,Clinic/Polyclinic Only Consultation,Ayurveda,ARISHINAKUNTE,,BLR00046AYCOC,16 Sep 2026,8,KPME Karnataka Portal,2026-01-19T09:50:46.418815
Asha Dental Care,Dental Lab or Clinic,Allopathy,"Dr. Leela N S, Asha Dental Care, 1st floor, Halappa Circle, BH Road, Bhadravathi",,SMG00065ALDEN,25 Oct 2026,8,KPME Karnataka Portal,2026-01-19T09:50:46.448422
VG Diagnostic,Medical Diagnostic Laboratory,Allopathy,Plot No 28 Udagi Road Sedam.,,GLB00143ALMDL,10 Feb 2026,8,KPME Karnataka Portal,2026-01-19T09:50:46.481849
2,1,1 2 3 4 5 6 7 8 9 10 ...,3,,5,4,8,KPME Karnataka Portal,2026-01-19T09:50:46.591014
3,2,1,4,,6,5,8,KPME Karnataka Portal,2026-01-19T09:50:46.692266
Shree Annadani Clinic,Clinic/Polyclinic Only Consultation,Ayurveda,No.180/2 Near Bus Stop Hosur Main Road Singasandra Bengaluru,BENGALURU,BLU02157AYCOC,03 Aug 2026,9,KPME Karnataka Portal,2026-01-19T09:50:50.421263
Nimishamba Ayur Clinic,Clinic/Polyclinic Only Consultation,Ayurveda,"#967, 7th Main, 1st Stage, Hebbal, Mysore.",MYSORE,MYS00609AYCOC,07 Jul 2027,9,KPME Karnataka Portal,2026-01-19T09:50:50.486822
RAAGHU DIAGNOSTIC LABORATORY,Medical Diagnostic Laboratory,Allopathy,"GURU SHREE, 1ST CROSS, CSI LAYOUT , BEHIND GAYATHRI TALKIES AND MALABAR GOLD SHOP, B.H.ROAD, TUMAKURU-572102",TUMAKURU,TMK00189ALMDL,29 Jul 2026,9,KPME Karnataka Portal,2026-01-19T09:50:50.572549
Akshay Clinic,Clinic/Polyclinic Only Consultation,Ayurveda,EETI Complex Madalagatta Circle Huvinahadagali,,BEL00278AYCOC,22 Nov 2026,9,KPME Karnataka Portal,2026-01-19T09:50:50.669764
DR.SOWMYAS CHILD CARE CLINIC,Clinic/Polyclinic Only Consultation,Allopathy,"No.11, Muddinapalya Main Road, BEL Layout, 1st Stage, Magadi Road, Bangalore - 560091",BANGALORE,BLU02098ALCOC,13 Jul 2026,9,KPME Karnataka Portal,2026-01-19T09:50:50.762776
Ashwini Health Centre,Clinic/Polyclinic Only Consultation,Ayurveda,No.88/1 Chikka Begur Gate 7th Mile Hosur Road Bengaluru,BENGALURU,BLU02221AYCOC,18 Aug 2026,9,KPME Karnataka Portal,2026-01-19T09:50:50.853829
SPECIALITY DENTAL CLINIC,Dental Lab or Clinic,Allopathy,"1ST FLOOR ESSEL CHAMBERS, OPP. MEDICARE CENTRE, KARANGALPADY, MANGALORE",MANGALORE,DKA00612ALDEN,12 Dec 2026,9,KPME Karnataka Portal,2026-01-19T09:50:50.931160
SGESS DR. N. A. MAGADUM AYURVEDIC MEDICAL COLLEGE HOSPITAL RESEARCH CENTRE ANKALI.,Hospital (Level 4)(Teaching),Ayurveda,A/p Ankali Taluk Chikodi District Belagavi,BELAGAVI,BLG00430AYHL4,01 Oct 2026,9,KPME Karnataka Portal,2026-01-19T09:50:50.961486
SHREE DURGA DENTAL CLINIC,Dental Lab or Clinic,Allopathy,IB ROAD KUSHALNAGARA,,KDG00078ALDEN,26 Jun 2027,9,KPME Karnataka Portal,2026-01-19T09:50:51.003999
ENT CLINIC,Clinic/Polyclinic Only Consultation,Allopathy,"ENT CLINIC, RAAG LALITH BUILDING, K.M. MARG, UDUPI",UDUPI,UDP00469ALCOC,28 Nov 2026,9,KPME Karnataka Portal,2026-01-19T09:50:51.081531
SHANKARA RETINA CARE,Clinic/Polyclinic Only Consultation,Allopathy,NITTUVALLI ROAD SAYSAM LAYOUT SIDDESHWARA MILL COMPOUND,,DVG00291ALCOC,30 Mar 2027,9,KPME Karnataka Portal,2026-01-19T09:50:51.171798
Shanthi Clinic,Clinic/Polyclinic with Dispensary,Integrated System,"9th Cross, T.K.Layout, Mysore.",MYSORE,MYS00607ISCWD,07 Jul 2027,9,KPME Karnataka Portal,2026-01-19T09:50:51.246696
Sneha clinic,Clinic/Polyclinic with Dispensary,Ayurveda,Sneha clinic. Hura NANJANGUD taluk,,MYS00711AYCWD,01 Nov 2027,9,KPME Karnataka Portal,2026-01-19T09:50:51.332816
AMARA SKIN CLINIC,Clinic/Polyclinic Only Consultation,Allopathy,"No.1065/a12, 2nd Floor, 9th Main, Devarachikkanahalli, Bangalore - 560076",BANGALORE,BLU02089ALCOC,11 Jul 2026,9,KPME Karnataka Portal,2026-01-19T09:50:51.421340
Medlife Diagnostic centre,Medical Diagnostic Laboratory,Allopathy,"1-26/10, T S Complex, K C Nagar, K C Road, Talapady Post",,DKA00504ALMDL,01 Aug 2026,9,KPME Karnataka Portal,2026-01-19T09:50:51.501558
RAVI CLINIC,Clinic/Polyclinic Only Consultation,Ayurveda,"NO.45/1, NGOS COLONY, KAMALA NAGAR, BANGALORE-560079.",BANGALORE,BLU02272AYCOC,23 Aug 2026,9,KPME Karnataka Portal,2026-01-19T09:50:51.543785
LIFE INN HEALTHCARE AND DIAGNOSTIC,Clinic/Polyclinic with Diagnostic Support,Allopathy,"4M-409, Govinda Narayani Plaza, East of NGEF Layout, Dooravani Nagar, Near Airtel Office, Ramamurthy Nagar, Bangalore - 560016",BANGALORE,BLU02088ALCDS,11 Jul 2026,9,KPME Karnataka Portal,2026-01-19T09:50:51.587966
Align & Smile Orthodontic & Multispeciality Dental Clinic,Dental Lab or Clinic,Allopathy,"No 31/1A1, ekam boutique Behind star market ,Balagere main road Balagere , Panathur ,Bangalore 560087",BANGALORE,BLU02321ALDEN,07 Sep 2026,9,KPME Karnataka Portal,2026-01-19T09:50:51.680169
SRI RANGANATHA CLINIC,Clinic/Polyclinic Only Consultation,Ayurveda,"Post Office Road, Srirampura, Hosadurga Taluk 577542 Chitradurga District",CHITRADURGA,CTR00114AYCOC,03 Aug 2026,9,KPME Karnataka Portal,2026-01-19T09:50:51.768510
MONA CLINIC & LAB,Clinic/Polyclinic Only Consultation,Allopathy,"Ward Office Road, E Block 2nd Stage, Rajajinagar",,BLU05010ALCOC,13 Jul 2028,9,KPME Karnataka Portal,2026-01-19T09:50:51.859640
SHRI GURU CLINIC,Clinic/Polyclinic Only Consultation,Ayurveda,SHIVAJI CIRCLE MUDHOL DIST BAGALKOT,,BGK00163AYCOC,03 Oct 2026,9,KPME Karnataka Portal,2026-01-19T09:50:51.936524
H D BAGWAN MEMORIAL CHILDREN HOSPITAL,Hospital (Level 1B),Allopathy,"BEHIND CENTRAL BUS STAND, SAQAF ROZA ROAD, VIJAYPUR",,BIJ00231ALH1B,19 Aug 2026,9,KPME Karnataka Portal,2026-01-19T09:50:52.024829
SRI DURGA CLINIC,Clinic/Polyclinic with Dispensary,Ayurveda,196/C DON COMPLEX TRASI POST KUNDAPURA TALUK,,UDP00448AYCWD,28 Nov 2026,9,KPME Karnataka Portal,2026-01-19T09:50:52.117204
SAGAR NURSING HOME AND LASER CENTER,Hospital (Level 2),Allopathy,"NEAR JAIL CIRCLE, 1ST CROSS, ACHUTH RAO LAYOUT SHIVAMOGGA - 577 201.",SHIVAMOGGA,SMG00130ALHL2,23 Dec 2026,9,KPME Karnataka Portal,2026-01-19T09:50:52.208975
Sri Mahadeshwara Clinic,Clinic/Polyclinic Only Consultation,Ayurveda,"Kolipalya Village, Mukan palya Post, Chamarajanagar Taluk DIst",,CNR00019AYCOC,15 Aug 2026,9,KPME Karnataka Portal,2026-01-19T09:50:52.299008
VIDYANAGAR DENTAL CLINIC,Dental Lab or Clinic,Allopathy,"VIDYANAGAR, BH ROAD, SHIVAMOGGA.",SHIVAMOGGA,SMG00134ALDEN,23 Dec 2026,9,KPME Karnataka Portal,2026-01-19T09:50:52.389500
KIRAN DIAGNOSTIC & CONSULTATION CENTRE,Clinic/Polyclinic with Diagnostic Support,Allopathy,NEAR DISTRICT HOSPITAL TURUVANUR ROAD CHITRADURGA,CHITRADURGA,CTR00109ALCDS,03 Aug 2026,9,KPME Karnataka Portal,2026-01-19T09:50:52.478821
Hawaldar Clinic,Clinic/Polyclinic Only Consultation,Ayurveda,"Timmapur,Shiggaon,Haveri,581205",HAVERI,HVR00197AYCOC,18 Aug 2026,9,KPME Karnataka Portal,2026-01-19T09:50:52.574093
Vaxiassist Health Initiatives Pvt Ltd,Clinic/Polyclinic with Observation,Allopathy,"#18/2A, 1st floor, Ambalipura, Sarjapur main road, Bellandur gate, Bengaluru",BENGALURU,BLU02645ALCWO,28 Nov 2026,9,KPME Karnataka Portal,2026-01-19T09:50:52.667167
MANGALORE CLINIC,Clinic/Polyclinic Only Consultation,Allopathy,"#-59-20, Ghalib Street, Lashkar Mohalla, Near Govt. School, Shimoga",,SMG00085ALCOC,23 Nov 2026,9,KPME Karnataka Portal,2026-01-19T09:50:52.754943
VAM HOSPITAL,Hospital (Level 2),Allopathy,"OOTY-MYSORE ROAD, GUDNLUPET TOWN CHAMARAJANAGAR DISTRICT",MYSORE,CNR00045ALHL2,13 Jul 2027,9,KPME Karnataka Portal,2026-01-19T09:50:52.843646
HEMAHEALTHCARE,Medical Diagnostic Laboratory,Allopathy,Araleri Road Malur town Malur,,KLR00099ALMDL,16 Feb 2027,9,KPME Karnataka Portal,2026-01-19T09:50:52.942179
Aruna Clinic,Clinic/Polyclinic with Observation,Allopathy,"No.314, 7th Main, HRBR Layout, Kalyannagar, Bengaluru-560043",BENGALURU,BLU01125ALCWO,12 Nov 2025,9,KPME Karnataka Portal,2026-01-19T09:50:53.008356
KASTURI CLINIC,Clinic/Polyclinic Only Consultation,Ayurveda,"CHITTAVALI CHOWK, TQ. CHITTAPUR DIST.KALABURAGI-585211",KALABURAGI,GLB00205AYCOC,17 May 2026,9,KPME Karnataka Portal,2026-01-19T09:50:53.104615
GOBBUR HOSPITAL VIJAYAPUR,Hospital (Level 2),Allopathy,SHRINAGAR COLONY SOLAPUR ROAD VIJAYAPUR,,BIJ01642ALHL2,07 Jan 2031,9,KPME Karnataka Portal,2026-01-19T09:50:53.197603
Lakshmi Clinic,Clinic/Polyclinic Only Consultation,Ayurveda,"LG04No 38 Smart Avenue complex, Nehru Road Kammanahalli",,BLU12626AYCOC,14 Nov 2030,9,KPME Karnataka Portal,2026-01-19T09:50:53.292608
SAPTHAGIRI CLINIC,Clinic/Polyclinic Only Consultation,Ayurveda,"Nanjundeshwara Building, Maruthinagara, Kempapura Road, Chikkabanavara, Bangalore",BANGALORE,BLU03674AYCOC,06 Sep 2027,9,KPME Karnataka Portal,2026-01-19T09:50:53.384784
JYOTI EYE CARE CENTRE,Clinic/Polyclinic Only Consultation,Allopathy,OPP .PKGB BANK BUTNAL ROAD TQ. JEWARGI DIST. KALABURAGI-585310,KALABURAGI,GLB00011ALCOC,13 Oct 2025,9,KPME Karnataka Portal,2026-01-19T09:50:53.477060
KAYAKA HOSPITAL,Hospital (Level 2),Allopathy,RAJAPUR ROAD PRASHANTH NAGAR KALBURGI,,GLB00274ALHL2,14 Jul 2026,9,KPME Karnataka Portal,2026-01-19T09:50:53.570619
NANDI CLINIC,Clinic/Polyclinic with Dispensary,Ayurveda,GADI ONI TMC ROAD NARGUND,,GDG00133AYCWD,12 Jul 2027,9,KPME Karnataka Portal,2026-01-19T09:50:53.637972
SRI KRISHNA CLINIC,Clinic/Polyclinic Only Consultation,Allopathy,"#2, Coming Road, Near big Vegetable Market, Opp Neelakanteshwara Temple",,BEL00383ALCOC,26 Sep 2027,9,KPME Karnataka Portal,2026-01-19T09:50:53.680650
Pavan Specialist Clinic,Clinic/Polyclinic Only Consultation,Allopathy,"#10, 3rd Cross, Jai bharath nagar, Banasawadi main road, Bangalore",BANGALORE,BLU04591ALCOC,23 Apr 2028,9,KPME Karnataka Portal,2026-01-19T09:50:53.747876
SHRI DHANVANTARI CLINIC,Clinic/Polyclinic with Dispensary,Ayurveda,DANDAPUR STREET 7TH GALLI NARGUND,,GDG00143AYCWD,04 Aug 2027,9,KPME Karnataka Portal,2026-01-19T09:50:53.797915
SHREYA CLINIC,Clinic/Polyclinic Only Consultation,Allopathy,"PRIYA BUILDING,OPP LAW COLLEGE,KAPPAGAL ROAD,BALLARI",BALLARI,BEL00181ALCOC,16 Apr 2026,9,KPME Karnataka Portal,2026-01-19T09:50:53.902809
DIVYA SKIN COSMODERM LASER CLINIC,Clinic/Polyclinic with Observation,Allopathy,"SHOP NO 12, WARD NO 20, T G LAYOUT, MOKA ROAD, GANDHI NAGAR",,BEL00347ALCWO,13 Jun 2027,9,KPME Karnataka Portal,2026-01-19T09:50:53.985568
SHARADA HOSPITAL,Hospital (Level 2),Allopathy,SHARADA HOSPITAL OPP CORPORATION BANK PARAMANNA LAYOUT NELAMANGALA BANGALORE,BANGALORE,BLR00037ALHL2,12 Aug 2026,9,KPME Karnataka Portal,2026-01-19T09:50:54.010621
JEEVAN DIAGNOSTIC LABORATORY,Medical Diagnostic Laboratory,Allopathy,"Shop No 2, Opp Old Remand Home, Siruguppa Road",,BEL00302ALMDL,04 Jan 2027,9,KPME Karnataka Portal,2026-01-19T09:50:54.048602
Ganga nursing home,Hospital (Level 1B),Allopathy,"Ganga nursing home ,cts no -190/1a ,plot no 1 and 2",,BLG00296ALH1B,08 Jun 2026,9,KPME Karnataka Portal,2026-01-19T09:50:54.145836
SUSHANTH CLINIC,Clinic/Polyclinic Only Consultation,Allopathy,OPP PRABHAT THEATER GANESH TEMPLE STREET,,BEL00476ALCOC,22 May 2028,9,KPME Karnataka Portal,2026-01-19T09:50:54.246236
Ashwini Homeo Clinic,Clinic/Polyclinic with Dispensary,Homeopathy,"1622, 5th B Cross, 17 Main, BSK 1st Stage, 2nd Block, Hanumant Nagar, Mysore Bank Colony, Phase 1, Banashankari Stage I, Banashankari, Bengaluru, Karn",BENGALURU,BLU08380HOCWD,04 Aug 2029,9,KPME Karnataka Portal,2026-01-19T09:50:54.340755
Ashwini Family Clinic,Clinic/Polyclinic Only Consultation,Integrated System,"#61/2, 6th Cross, S.P Extension, Malleshwaram",,BLU13268ISCOC,07 Jan 2031,9,KPME Karnataka Portal,2026-01-19T09:50:54.427387
Adarsh Clinic,Clinic/Polyclinic with Dispensary,Ayurveda,"C/O Nagesh Naik, Near HPS Vannalli, Vannalli, Kumta",,UKA00048AYCWD,20 Sep 2026,9,KPME Karnataka Portal,2026-01-19T09:50:54.514805
RAJALAKSHMI MULTISPECIALITY HOSPITAL A UNIT OF SAMMPRASA MEDCARE PVT LTD,Hospital (Level 1A),Allopathy,"NO.76-1-1, V.R.LAYOUT, SARAKKI MAIN ROAD, 1ST PHASE, J.P.NAGAR, BANGALORE-560078.",BANGALORE,BLU01592ALH1A,03 Mar 2026,9,KPME Karnataka Portal,2026-01-19T09:50:54.610641
Amba Clinic,Clinic/Polyclinic Only Consultation,Ayurveda,"Kadle Beedi, Arsikere, Hassan District-573103",HASSAN,HSN00193AYCOC,13 Jun 2027,9,KPME Karnataka Portal,2026-01-19T09:50:54.674926
AMOGA DENTAL STUDIO,Clinic/Polyclinic Only Consultation,Allopathy,"#28,PRASHANTH LAYOUT MAIN ROAD,WHITEFIELD BANGALORE - 560066",BANGALORE,BLU01615ALCOC,04 Mar 2026,9,KPME Karnataka Portal,2026-01-19T09:50:54.771545
SRI GURU CLINIC,Clinic/Polyclinic with Dispensary,Allopathy,"BADAR COMPLEX,BAVIKATTE,GUJJADI,KUNDAPURA TALUK",,UDP00162ALCWD,24 Jun 2026,9,KPME Karnataka Portal,2026-01-19T09:50:54.841762
ARCHANA DIAGNOSTIC LABORATORY AND XRAY,Medical Diagnostic Laboratory,Allopathy,"COMMING ROAD, NEAR NEELAKANTESHWARA SWAMY TEMPLE, BIG VEGETABLE MARKET, BALLARI",BALLARI,BEL00342ALMDL,13 Jun 2027,9,KPME Karnataka Portal,2026-01-19T09:50:54.910647
HOPEWELL MULTISPECIALITY CLINIC,Clinic/Polyclinic with Observation,Allopathy,"S K MALPE, 2ND FLOOR, SY.NO 29/1, BELATHUR, KADUGODI POST, BANGALORE-560067",BANGALORE,BLU01571ALCWO,28 Feb 2026,9,KPME Karnataka Portal,2026-01-19T09:50:54.978720
HABEEB CLINIC,Clinic/Polyclinic Only Consultation,Unani,VISHAL NAGAR BEHIND RAILWAY STATION TARFILE KALABURAGI-585102,KALABURAGI,GLB00453UNCOC,06 Feb 2027,9,KPME Karnataka Portal,2026-01-19T09:50:55.068572
Sri Saikrupa Clinic,Clinic/Polyclinic Only Consultation,Allopathy,Near Nandan Medicals Hullahalli Road Nanjangud,,MYS00311ALCOC,10 Jan 2027,9,KPME Karnataka Portal,2026-01-19T09:50:55.172395
Durga Clinic,Clinic/Polyclinic Only Consultation,Ayurveda,"Huliyar Road, Arsikere TQ, Hassan District-573103",HASSAN,HSN00111AYCOC,02 Feb 2027,9,KPME Karnataka Portal,2026-01-19T09:50:55.266873
RAJARAM CLINIC,Clinic/Polyclinic Only Consultation,Allopathy,"RAJARAM CLINIC, SHIMOGA ROAD, HARIHARA-577601",,DVG00273ALCOC,11 Mar 2027,9,KPME Karnataka Portal,2026-01-19T09:50:55.356348
ASPIRE HEALTH CARE,Hospital (Level 1A),Allopathy,"No.92, Mosque Road, Frazer Town, Bangalore - 560005",BANGALORE,BLU01616ALH1A,04 Mar 2026,9,KPME Karnataka Portal,2026-01-19T09:50:55.462441
Chethana Neuro Centre,Clinic/Polyclinic Only Consultation,Allopathy,Shankar mutt 1st cross,,HSN00072ALCOC,17 Oct 2026,9,KPME Karnataka Portal,2026-01-19T09:50:55.551137
SRI RAM CLINIC,Clinic/Polyclinic Only Consultation,Allopathy,"DOOR NO 11, SRIJA TOWERS, KOLACHALAM COMPOUND, BALLARI",BALLARI,BEL00266ALCOC,07 Sep 2026,9,KPME Karnataka Portal,2026-01-19T09:50:55.636914
FITTO CLINIC,Clinic/Polyclinic Only Consultation,Allopathy,"NO 18, RANGA NIVAS, 15TH CROSS, 100 FEET RING ROAD, JP NAGAR 4TH PHASE, BANGALORE-560078",BANGALORE,BLU01572ALCOC,28 Feb 2026,9,KPME Karnataka Portal,2026-01-19T09:50:55.730325
RENE CARE HOSPITAL,Clinic/Polyclinic with Observation,Allopathy,"NO.413, 9TH MAIN ROAD, KALYAN NAGAR, BANGALORE-560043.",BANGALORE,BLU01574ALCWO,28 Feb 2026,9,KPME Karnataka Portal,2026-01-19T09:50:55.812810
ASHRAYA CLINIC,Clinic/Polyclinic Only Consultation,Allopathy,"T G SATHYANARAYAN COMPLEX, BALAJI RAO ROAD, VADDARABANDRA, BALLARI",BALLARI,BEL00194ALCOC,28 May 2026,9,KPME Karnataka Portal,2026-01-19T09:50:55.890705
SRINIVASA CLINIC,Clinic/Polyclinic Only Consultation,Allopathy,"OLD KACHERI STREET, BALLARI",BALLARI,BEL00513ALCOC,31 Jul 2028,9,KPME Karnataka Portal,2026-01-19T09:50:55.984182
SARATHY CLINIC,Clinic/Polyclinic Only Consultation,Allopathy,"NO.520,8TH MAIN ROAD ,HMT LAYOUT 2ND BLOCK VIDYARANYAPURA BENGALURU",BENGALURU,BLU05717ALCOC,17 Oct 2028,9,KPME Karnataka Portal,2026-01-19T09:50:56.081037
HEALTH CARE CLINIC,Clinic/Polyclinic Only Consultation,Ayurveda,AT. POST. KANDAGOOL CROSS TQ.CHITTAPUR. DIST.KALABURAGI-585211,KALABURAGI,GLB01062AYCOC,16 May 2029,9,KPME Karnataka Portal,2026-01-19T09:50:56.148551
Medcycle Healthcare Clinic,Clinic/Polyclinic Only Consultation,Allopathy,"#236, 1st Main, 5th cross, Jnanabharathi 1st Block BDA Layout, RVCE Post",,BLU01676ALCOC,20 Mar 2026,9,KPME Karnataka Portal,2026-01-19T09:50:56.223853
Vasudevaclinic,Clinic/Polyclinic Only Consultation,Allopathy,"Govt. High School Road, Thirthahalli - 577432",,SMG00355ALCOC,24 Jan 2028,9,KPME Karnataka Portal,2026-01-19T09:50:56.300207
ZOYA POLY CLINIC,Clinic/Polyclinic with Dispensary,Allopathy,"#4, ELAHI KHUNITHANA MASJID COMPLEX, COWL BAZAAR, BALLARI DISTRICT 583102",BALLARI,BEL00429ALCWD,12 Jan 2028,9,KPME Karnataka Portal,2026-01-19T09:50:56.384585
Sri Vinayaka Polyclinic,Clinic/Polyclinic with Observation,Allopathy,Mysore Road M S Complex Nagamangala,MYSORE,MAN00267ALCWO,31 Jan 2028,9,KPME Karnataka Portal,2026-01-19T09:50:56.471716
Malnad Heart Care Centre,Clinic/Polyclinic with Diagnostic Support,Allopathy,"Udayaravi Building, LLr Road, Durgigudi, Shimoga",,SMG00352ALCDS,24 Jan 2028,9,KPME Karnataka Portal,2026-01-19T09:50:56.546709
Shree Radha krishna Arogya Kendra,Clinic/Polyclinic with Observation,Allopathy,"Above lokmanya society , belgaum goa road , jamboti",BELGAUM,BLG00874ALCWO,02 Nov 2027,9,KPME Karnataka Portal,2026-01-19T09:50:56.613635
Shri Clinic Physiotherapy and Rehabilitation Centre,Allied Health Professional Centre,Allopathy,"Arkis Arcade, Tilaknagar, Beside TGMC Bank, Shimoga.",,SMG00356ALAHC,24 Jan 2028,9,KPME Karnataka Portal,2026-01-19T09:50:56.678262
Dr Aruna clinic,Clinic/Polyclinic Only Consultation,Allopathy,"IMMANUEL,Opp.Time Square,Kadri,Shivbagh,Mangaluru",,DKA01270ALCOC,26 Sep 2027,9,KPME Karnataka Portal,2026-01-19T09:50:56.758393
SREE THIRUMALA HOSPITAL,Hospital (Level 2),Allopathy,"SONTHA LINGANNA COLONY, GANDHI NAGAR, BALLARI",BALLARI,BEL00403ALHL2,17 Nov 2027,9,KPME Karnataka Portal,2026-01-19T09:50:56.821930
Cure and Care Clinic,Clinic/Polyclinic with Observation,Allopathy,"No.15/16, Chelekere Village, Near Royal Concorde School, Kalyan Nagar, Bengaluru-560043",BENGALURU,BLU04329ALCWO,05 Mar 2028,9,KPME Karnataka Portal,2026-01-19T09:50:56.889894
SRL LAB BYSTANDER,Medical Diagnostic Laboratory,Allopathy,"D.NO.15, FIRST FLOOR, ADONI TOWER, FALNIR ROAD, MANGALORE",MANGALORE,DKA01331ALMDL,07 Nov 2027,9,KPME Karnataka Portal,2026-01-19T09:50:56.955902
SHRI SIDDESHWAR CLINIC,Clinic/Polyclinic with Dispensary,Ayurveda,"KAMAN KHAN BAZAR YADAVANNAVAR GALLI, VIJAYAPURA",VIJAYAPURA,BIJ00558AYCWD,01 Oct 2027,9,KPME Karnataka Portal,2026-01-19T09:50:57.028364
KHUSHI DIAGNOSTIC AND MULTISPECIALITY HOSPITAL,Hospital (Level 1B),Allopathy,"Near Taluka Hospital, Hubli Road, Mundgod. U.K District",HUBLI,UKA00282ALH1B,17 Jan 2028,9,KPME Karnataka Portal,2026-01-19T09:50:57.116191
VIRAJ GASTROENTEROLOGY AND ENDOSCOPY CENTRE,Clinic/Polyclinic with Diagnostic Support,Allopathy,"Dr N S THIMMARAJ NAYAKA MBBS M S GEN SURG, VIRAJ GASTROENTEROLOGY AND ENDOSCOPY CENTRE, SRINIVASA COMPLEX, NEAR DISTRICT HOSPITAL, JOGIMATTI ROAD, C",,CTR00237ALCDS,13 Oct 2027,9,KPME Karnataka Portal,2026-01-19T09:50:57.178075
Adithya Clinic,Clinic/Polyclinic with Observation,Allopathy,"#164, Anikethana, Near Anjaneya Temple, Nagavarapalya, CV Ramannagar, Bangalore-560093",BANGALORE,BLU04430ALCWO,30 Mar 2028,9,KPME Karnataka Portal,2026-01-19T09:50:57.204452
Punyakoti Health,Hospital (Level 2),Allopathy,"Behind Siddipriya Kalyana Mantapa, College Road, Amaravathi, Hospet.",,VIJ00068ALHL2,01 Nov 2027,9,KPME Karnataka Portal,2026-01-19T09:50:57.233787
ST THERESA S HOSPITAL,Hospital (Level 2),Allopathy,"No 1, 1st BLOCK RAJAJINAGAR, DR RAJKUMAR ROAD, OPP VIVEKANANDA COLLEGE, BENGALURU 560010",BENGALURU,BLU04589ALHL2,23 Apr 2028,9,KPME Karnataka Portal,2026-01-19T09:50:57.271457
GURUKRUPA CLINIC,Clinic/Polyclinic Only Consultation,Ayurveda,"BAZAR AREA, NELOGI, TQ. JEWARGI DIST.KALABURAGI-58510",KALABURAGI,GLB00635AYCOC,04 Nov 2027,9,KPME Karnataka Portal,2026-01-19T09:50:57.303136
Adarsh Nursing Home,Hospital (Level 1B),Allopathy,"Amar Layout Plot No, 5-1-80/2, Oppo Old DC Office Yadagir",,YDR00536ALH1B,06 Nov 2027,9,KPME Karnataka Portal,2026-01-19T09:50:57.393037
NANDI POLYCLINIC,Clinic/Polyclinic with Dispensary,Allopathy,"8th Main, 8th Cross, P.J Extention, Davanagere",DAVANAGERE,DVG00705ALCWD,08 Mar 2029,9,KPME Karnataka Portal,2026-01-19T09:50:57.474579
UDAYA ENT CLINIC,Clinic/Polyclinic with Dispensary,Allopathy,"UDAYA ENT CLINIC Near K.E.B Colony, Opp to DC Bungalow, KSRTC Depo Road, Vapasandra, Chikballapura-562101",,CBR00344ALCWD,03 Sep 2028,9,KPME Karnataka Portal,2026-01-19T09:50:57.522717
Ashwini Health care,Clinic/Polyclinic with Observation,Allopathy,"2nd cross Bhramarambha layout, Behind Bhamarambha theatre, Chamarajanagar",,CNR00051ALCWO,15 Dec 2027,9,KPME Karnataka Portal,2026-01-19T09:50:57.552175
Aarya scans,Medical Diagnostic Laboratory,Allopathy,"no 87F,GROUND FLOOR, OPP CANTONMENT OUTPOST POLICE STATION, INFANTRY ROAD BELLARY",,BEL00404ALMDL,17 Nov 2027,9,KPME Karnataka Portal,2026-01-19T09:50:57.620208
KIDS CLINIC INDIA LIMITED CLOUDNINE CLINIC,Clinic/Polyclinic with Diagnostic Support,Allopathy,"Vishnave Arcade No. 79/3, Outer Ring Road, Bellandur, Bengaluru 560103",BENGALURU,BLU04178ALCDS,30 Jan 2028,9,KPME Karnataka Portal,2026-01-19T09:50:57.711015
GANESH CLINIC,Clinic/Polyclinic Only Consultation,Homeopathy,"K S HUNDI, NANJANGUD TALUK, MYSURU DISTRICT",MYSURU,MYS00997HOCOC,21 Mar 2029,9,KPME Karnataka Portal,2026-01-19T09:50:57.792013
SHRI DANESHWARI HOSPITAL,Hospital (Level 2),Allopathy,BEHIND RELIANCE PETROL PUMP BANJARA CROSS SOLAPUR ROAD VIJAYAPUR,,BIJ00574ALHL2,01 Nov 2027,9,KPME Karnataka Portal,2026-01-19T09:50:57.879095
Rotary Bangalore Midtown Manjushree Charitable Dispensary,Clinic/Polyclinic with Dispensary,Allopathy,"Manjushree Ventures LLP, 143 C5 Bommasandra Industrial Area Hosur Road Bangalore 560099",BANGALORE,BLU04114ALCWD,12 Jan 2028,9,KPME Karnataka Portal,2026-01-19T09:50:57.942971
MALASA EYE CLINIC,Clinic/Polyclinic Only Consultation,Allopathy,"2877, BUS STAND CIRCLE CHAMUNDIPURAM, MYSORE",MYSORE,MYS00697ALCOC,01 Nov 2027,9,KPME Karnataka Portal,2026-01-19T09:50:58.051278
SINGARE CLINIC,Clinic/Polyclinic Only Consultation,Ayurveda,MUCHALAMB TQ HULSOOR DIST BIDAR,BIDAR,BDR00207AYCOC,12 Dec 2027,9,KPME Karnataka Portal,2026-01-19T09:50:58.157073
2,1,1 2 3 4 5 6 7 8 9 10 ...,3,,5,4,9,KPME Karnataka Portal,2026-01-19T09:50:58.218632
3,2,1,4,,6,5,9,KPME Karnataka Portal,2026-01-19T09:50:58.248883
SWARA CLINIC,Clinic/Polyclinic with Observation,Ayurveda,NEAR NARGUND SCAN CENTER SAVADATTI ROAD NARGUND,,GDG00098AYCWO,28 Jan 2027,10,KPME Karnataka Portal,2026-01-19T09:51:01.930245
vasavi clinic,Clinic/Polyclinic Only Consultation,Homeopathy,"582,opp to Basaveshwar Bank Medar galli Kerur",,BGK00815HOCOC,10 Jul 2029,10,KPME Karnataka Portal,2026-01-19T09:51:02.029201
SUN DIAGNOSTICS,Medical Diagnostic Laboratory,Allopathy,"Shop No. 22-23, B-Block, First Floor, Revankar Complex, Hubballi.",,DWR00444ALMDL,18 Apr 2027,10,KPME Karnataka Portal,2026-01-19T09:51:02.114121
Dr.Shyamsunder Hospital,Hospital (Level 1B),Allopathy,Near Ghandhi Chowk Raichur,RAICHUR,RCR00040ALH1B,16 Feb 2027,10,KPME Karnataka Portal,2026-01-19T09:51:02.202483
BEST MEDIC POLY CLINIC,Clinic/Polyclinic with Dispensary,Allopathy,"KEB CIRCLE, LAKSHMI VENKATESHWARA COMPLEX, OPP GANESH TEMPLE, MOKA ROAD, BALLARI",BALLARI,BEL00334ALCWD,13 Jun 2027,10,KPME Karnataka Portal,2026-01-19T09:51:02.285810
SHIVA KRUPA HEALTH CENTER,Clinic/Polyclinic with Diagnostic Support,Allopathy,"#38/3. 2ND MAIN,9TH CROSS. P J EXTENSION . DAVANAGERE",DAVANAGERE,DVG00345ALCDS,28 Jun 2027,10,KPME Karnataka Portal,2026-01-19T09:51:02.363783
Vasavi Clinic,Clinic/Polyclinic with Dispensary,Ayurveda,"Channamma Circle, Bagalkote Road, Hunagund.",BAGALKOTE,BGK00368AYCWD,07 Jun 2027,10,KPME Karnataka Portal,2026-01-19T09:51:02.463491
SHASTRIS CLINIC,Clinic/Polyclinic with Dispensary,Ayurveda,YERMAL TENKA,,UDP00583AYCWD,01 Mar 2027,10,KPME Karnataka Portal,2026-01-19T09:51:02.541263
Mahalakshmi Manjappa Multispeciality Hospital and Research Centre,Hospital (Level 3)(Non-Teaching with Super Specialty Services),Allopathy,"Beside Gommatadri Hotel, Sampige Road, KR Puram, Hassan",HASSAN,HSN00203ALHL3,28 Jul 2027,10,KPME Karnataka Portal,2026-01-19T09:51:02.621721
GANGAMRUTA CHILDRENS HOSPITAL,Hospital (Level 2),Allopathy,DR. NAGANUR BUILDING NEAR VENKATESH HOSPITAL MAHALINGPUR,,BGK00371ALHL2,07 Jun 2027,10,KPME Karnataka Portal,2026-01-19T09:51:02.701113
USIRU HEALTHCARE CENTRE,Clinic/Polyclinic with Observation,Allopathy,"NO 79, ANJANAPURA LAST BUS STOP,VAJRAMUNI CIRCLE, OPP.TO DS MAX SAAVI APARTMENT, BANGALORE-560062",BANGALORE,BLU02932ALCWO,26 Jan 2027,10,KPME Karnataka Portal,2026-01-19T09:51:02.768710
AKASHDEEP NETRALAY ATHANI,Hospital (Level 2),Allopathy,DESHPANDE COMPLEX 2ND FLOOR OPP GOVT HOSPITAL ATHANI,,BLG00563ALHL2,30 Jan 2027,10,KPME Karnataka Portal,2026-01-19T09:51:02.812603
SRI DEVI CLINIC,Clinic/Polyclinic with Dispensary,Ayurveda,1st Floor Nekara Sawdha Bus-Stand KINNIGOLI,,DKA00765AYCWD,31 Mar 2027,10,KPME Karnataka Portal,2026-01-19T09:51:02.891036
SRI DEVI POLY CLINIC AND DIAGNOSTIC CENTER,Clinic/Polyclinic with Diagnostic Support,Allopathy,"K.No-1508/1106,Ujwal Coplex Beside IOB Bank, Kirugavalu, Malavalli Taluk Mandya District-571424",MANDYA,MAN00209ALCDS,08 Feb 2027,10,KPME Karnataka Portal,2026-01-19T09:51:02.971394
MANORAMA MATERNITY AND NURSING HOME,Hospital (Level 1A),Allopathy,"1349, SAMRAT ASHOK CHOWK, RAMLINGKIND GALLI, BELAGAVI 590001",BELAGAVI,BLG00736ALH1A,29 Jul 2027,10,KPME Karnataka Portal,2026-01-19T09:51:03.018769
UPADHYAYA CLINIC,Clinic/Polyclinic with Dispensary,Ayurveda,NANDA COMPLEX SASTANA UDUPI,UDUPI,UDP00586AYCWD,01 Mar 2027,10,KPME Karnataka Portal,2026-01-19T09:51:03.060969
Anagha Diagnostics and Healthcare,Clinic/Polyclinic with Diagnostic Support,Allopathy,"Anagha Enclave, Ground Floor, Pipeline road right side, 1st cross, Hoysalanagar, Sunkadakatte",,BLU02900ALCDS,20 Jan 2027,10,KPME Karnataka Portal,2026-01-19T09:51:03.101930
DR.JAYALAKSHMI AYER MEMORIAL CLINIC,Clinic/Polyclinic Only Consultation,Allopathy,"NO 38. DEVI KRUPA, 12TH CROSS, WILSON GARDEN, BANGALORE-560027",BANGALORE,BLU02949ALCOC,26 Jan 2027,10,KPME Karnataka Portal,2026-01-19T09:51:03.167848
AROGYA KENDRA,Clinic/Polyclinic Only Consultation,Allopathy,"KALLUSADARAHALLI, KANAKATTE HOBLI, ARSIKERE",,HSN00314ALCOC,28 Apr 2028,10,KPME Karnataka Portal,2026-01-19T09:51:03.244929
SRI RAGHAVENDRA AYURVEDA MEDICAL COLLEGE AND HOSPITAL,Hospital (Level 4)(Teaching),Ayurveda,ANATHASEVASHRAMA TRUST CAMPUS MALLADIHALLI CHITRADURGA DIST,CHITRADURGA,CTR00168AYHL4,09 Jan 2027,10,KPME Karnataka Portal,2026-01-19T09:51:03.327578
Shree Raghavendra Clinic,Clinic/Polyclinic Only Consultation,Ayurveda,"Mahadevapura, 2nd Cross, Near last Bus Stop, J.P Nagara, Mysore",MYSORE,MYS00543AYCOC,01 Jun 2027,10,KPME Karnataka Portal,2026-01-19T09:51:03.416353
SHREE KRISHNA DHAMA MEDICAL CONSULTATION CENTRE DIABETES CLINIC POLY CLINIC,Clinic/Polyclinic with Dispensary,Allopathy,"#28, Sri Krishna Dhama, Kanakapura Main Road, Basavanagudi, Bangalore-560004",BANGALORE,BLU03065ALCWD,24 Feb 2027,10,KPME Karnataka Portal,2026-01-19T09:51:03.461238
SRI SANKALP HOSPITAL EYE CARE CENTRE,Hospital (Level 2),Allopathy,"Deshmukh road, 1st Railway Gate, Tilakwadi, Belagavi",BELAGAVI,BLG00819ALHL2,04 Aug 2027,10,KPME Karnataka Portal,2026-01-19T09:51:03.493179
RELAX AYURVEDA CENTRE,AYUSH Therapy Centre,Ayurveda,"No.1627,Sai krupa, Ground floor, Near double tank, Salagame Road, Northern Extension, Hassan.",HASSAN,HSN00155AYATC,03 Jun 2027,10,KPME Karnataka Portal,2026-01-19T09:51:03.526070
THRUPTHI CONSULTATION CENTRE,Clinic/Polyclinic Only Consultation,Allopathy,"BEHIND MARUTHI MEDICALS JLB ROAD, HUNSURU, MYSORE DIST",MYSORE,MYS00496ALCOC,26 May 2027,10,KPME Karnataka Portal,2026-01-19T09:51:03.563912
CHINTAMANI HOSPITAL,Hospital (Level 1B),Allopathy,"MATERNITY NURSING HOME, ANAGOL ROAD, ANAGOL BELAGAVI",BELAGAVI,BLG01303ALH1B,06 Sep 2028,10,KPME Karnataka Portal,2026-01-19T09:51:03.616229
AADYA HOSPITAL SPECIALITY SURGICAL CENTRE,Hospital (Level 3)(Non-Teaching with Super Specialty Services),Allopathy,SCOUT CAMP ROAD NEAR RAILWAY STATION DODDABALLAPUR BANGALORE RURAL,BANGALORE,BLR00130ALHL3,08 Feb 2027,10,KPME Karnataka Portal,2026-01-19T09:51:03.685663
DHANAKA DIAGNOSTIC CENTER,Medical Diagnostic Laboratory,Allopathy,"OPP. NAVAGRAHA TEMPLE, NEAR KNS CIRCLE, KANAKAPURA. 562117",,RMG00072ALMDL,04 May 2027,10,KPME Karnataka Portal,2026-01-19T09:51:03.769526
LAKSHMI CLINIC,Clinic/Polyclinic with Dispensary,Homeopathy,"#5, 5th Main, Dattatreyanagar, Banashankari 3rd Stage, Bengaluru",BENGALURU,BLU03113HOCWD,04 Mar 2027,10,KPME Karnataka Portal,2026-01-19T09:51:03.858912
NAVJYOT CLINIC,Hospital (Level 2),Allopathy,CTS NO.138 139 1ST FLOOR SHREE VENKATESH COMPLEX SHAHPUR KHADE BAZAR BELAGAVI-590003,BELAGAVI,BLG00638ALHL2,07 Mar 2027,10,KPME Karnataka Portal,2026-01-19T09:51:03.948899
Aesthetica Veda A brand of Pure Aesthetics LLP,Clinic/Polyclinic with Observation,Allopathy,"No 222/220/A, Sadaramangala, Whitefield Road, KR Puram Hobli, Bangalore 560048",BANGALORE,BLU03654ALCWO,06 Sep 2027,10,KPME Karnataka Portal,2026-01-19T09:51:04.031782
MARIA CLINICAL LABORATORY,Medical Diagnostic Laboratory,Allopathy,"FIRST FLOOR, VIMAL COMPLEX, NEAR BUS STAND, SHIRVA, UDUPI -574116",UDUPI,UDP00904ALMDL,24 Nov 2027,10,KPME Karnataka Portal,2026-01-19T09:51:04.114210
Kedaar clinic,Clinic/Polyclinic with Dispensary,Ayurveda,"MJ complex,NH-66,KOTA,udupi",UDUPI,UDP00663AYCWD,31 Mar 2027,10,KPME Karnataka Portal,2026-01-19T09:51:04.179598
SRINIVASA CLINIC,Clinic/Polyclinic Only Consultation,Allopathy,"NO.156,KRISHNAPPA COMPOUND,5TH CROSS,MANGAMMANAPALYA ,BOMMANAHALLI,BANGAORE-560068,",,BLU02897ALCOC,18 Jan 2027,10,KPME Karnataka Portal,2026-01-19T09:51:04.256835
PRAKRUTI CLINIC,Clinic/Polyclinic Only Consultation,Ayurveda,"NEAR MALLIKARJUN ASHRAM, BLDE ROAD, VIJAYAPURA",VIJAYAPURA,BIJ00641AYCOC,20 Jan 2028,10,KPME Karnataka Portal,2026-01-19T09:51:04.308004
THE DENTAL AND PHYSIOTHERAPY STUDIO. Karmyog Life Sciences Pvt. Ltd.,Dental Lab or Clinic,Allopathy,"Akshay Chabbi Building, Next to Bank of Baroda, Akshay Park, Gokul Road, Hubballi.",,DWR00560ALDEN,22 Oct 2027,10,KPME Karnataka Portal,2026-01-19T09:51:04.335218
VIBHAVA CLINIC,Clinic/Polyclinic Only Consultation,Ayurveda,"VIBHAVA CLINIC, CHIKKAJAJURU 577523, HOLALKERE TALUK, CHITRADURGA DISTRICT",CHITRADURGA,CTR00135AYCOC,08 Sep 2026,10,KPME Karnataka Portal,2026-01-19T09:51:04.362600
SEVA HOSPITAL,Hospital (Level 2),Allopathy,BANASHANKARI KUNIGAL ROAD TUMAKURU - 572102,TUMAKURU,TMK00241ALHL2,26 Sep 2026,10,KPME Karnataka Portal,2026-01-19T09:51:04.417793
ASHIRVAD CLINICAL LABORATORY,Medical Diagnostic Laboratory,Allopathy,"PERSONAL COMPLEX, KATAPADY",,UDP00727ALMDL,19 May 2027,10,KPME Karnataka Portal,2026-01-19T09:51:04.509461
PADMABHUSHAN DR. M.C.MODI EYE HOSPITAL,Specialty / Super-Specialty Specific Hospital,Allopathy,"700/1, DR. M.C. MODI ROAD, MAHALAKSHMIPURAM, BANGALORE",BANGALORE,BLU04572ALSSH,20 Apr 2028,10,KPME Karnataka Portal,2026-01-19T09:51:04.592533
Amarjyothi Nursing Home and PMP Medical Centre,Hospital (Level 2),Allopathy,"No.491, Sripadmavathi, 1st Stage Indiranagara, Bengaluru-560038.",BENGALURU,BLU03035ALHL2,17 Feb 2027,10,KPME Karnataka Portal,2026-01-19T09:51:04.686784
Adarsh Health Care,Clinic/Polyclinic Only Consultation,Allopathy,"No. 36, Vasavi Road, V V Puram, Bengaluru- 560004",BENGALURU,BLU02945ALCOC,26 Jan 2027,10,KPME Karnataka Portal,2026-01-19T09:51:04.774179
Dr. Joshis Deerghayu Ayurvedic Hospital,Clinic/Polyclinic with Observation,Ayurveda,"No. 1002, Vijaya Enclave Apartments, Bilekahalli, Bannerghatta Road, BTM 4th Stage",,BLU02662AYCWO,28 Nov 2026,10,KPME Karnataka Portal,2026-01-19T09:51:04.854364
SHREE CLINIC,Clinic/Polyclinic Only Consultation,Allopathy,CHOUDHARI KOOT RAVIWARPETH GOKAK,,BLG00471ALCOC,01 Nov 2026,10,KPME Karnataka Portal,2026-01-19T09:51:04.931813
KARANTH CLINIC,Clinic/Polyclinic Only Consultation,Allopathy,KARANTH CLINIC UPPUNDA KUNDAPURA TALUK,,UDP00445ALCOC,28 Nov 2026,10,KPME Karnataka Portal,2026-01-19T09:51:05.035205
MATOSHREE ORTHO CENTRE,Clinic/Polyclinic Only Consultation,Allopathy,"Opp.Ashirwad Maternity And Childern Hospital, N.V. School To Public Garden Road, Sharan Nagar, Kalaburagi.",KALABURAGI,GLB00344ALCOC,10 Oct 2026,10,KPME Karnataka Portal,2026-01-19T09:51:05.109027
Dr. N. A. MOILY CLINIC,Clinic/Polyclinic Only Consultation,Allopathy,"MARKET ROAD HEJMADI, UDUPI",UDUPI,UDP00429ALCOC,25 Nov 2026,10,KPME Karnataka Portal,2026-01-19T09:51:05.147502
JAI MARUTHI DIAGNOSTIC CENTRE,Clinic/Polyclinic with Diagnostic Support,Allopathy,"SITE NO19, KHATHA NO 1339/01/19, VINAYAKA NAGAR, HESARAGHATTA BANGALORE-560088",BANGALORE,BLU02417ALCDS,24 Sep 2026,10,KPME Karnataka Portal,2026-01-19T09:51:05.189039
NAGESH MEMORIAL MATERNITY,Hospital (Level 2),Allopathy,H.NO 3-1025/A SIDDESHWAR NAGAR DARGA ROAD KALABURAGI,KALABURAGI,GLB00335ALHL2,27 Sep 2026,10,KPME Karnataka Portal,2026-01-19T09:51:05.236727
SPANDANA CLINICAL LABORATORY,Clinic/Polyclinic with Diagnostic Support,Allopathy,SPANDANA CLINICAL LABORATORY UPPUNDA KUNDAPURA TALUK,,UDP00521ALCDS,13 Jan 2027,10,KPME Karnataka Portal,2026-01-19T09:51:05.268439
SRI DEVI HOSPITAL,Hospital (Level 1A),Allopathy,"# 14, Maruthi Nagar, Nagarabhavi main road, Bangalore-560072",BANGALORE,BLU02489ALH1A,15 Oct 2026,10,KPME Karnataka Portal,2026-01-19T09:51:05.299915
LIFE LINE HOSPITAL,Hospital (Level 1A),Allopathy,CTS NO.401 GANDHI NAGAR HUKKERI TQ.HUKKERI DT.BELAGAVI-591309,BELAGAVI,BLG00772ALH1A,03 Aug 2027,10,KPME Karnataka Portal,2026-01-19T09:51:05.327271
TRINITY MULTISPECIALITY CLINIC,Clinic/Polyclinic with Observation,Allopathy,"NO 184/ 1 , ABOVE LENSKART , OPP MYHNA MAPLE APARTMENTS , VARTHUR MAIN ROAD , BANGALORE- 560087",BANGALORE,BLU02773ALCWO,20 Dec 2026,10,KPME Karnataka Portal,2026-01-19T09:51:05.391879
NAMBIAR CLINIC,Clinic/Polyclinic with Dispensary,Ayurveda,"NAMBIAR CLINIC.KOTESHWARA,KUNDAPURA TALUK-576222",,UDP00816AYCWD,23 Aug 2027,10,KPME Karnataka Portal,2026-01-19T09:51:05.458185
SRUJAN AESTHETIC CLINIC,Clinic/Polyclinic Only Consultation,Allopathy,"PLOT NOT 104, 3RD CROSS, NETAJI NAGAR, OPP VIANNEY VIDYALAYA SCHOOL, NEAR VASAVI SCHOOL, BALLARI",BALLARI,BEL00299ALCOC,04 Jan 2027,10,KPME Karnataka Portal,2026-01-19T09:51:05.537572
M/s. Jayashree Clinic,Clinic/Polyclinic Only Consultation,Allopathy,"No. 12/2, Pandurangappa Building, 1st Main, GG Palya, Bengaluru- 560022",BENGALURU,BLU02492ALCOC,15 Oct 2026,10,KPME Karnataka Portal,2026-01-19T09:51:05.583653
SUSHEELA CLINIC,Clinic/Polyclinic Only Consultation,Integrated System,"#113/1, K.H.B Colony, Lourds High School Rd, J.B Kaval, Nandini Layout, Bangalore - 560096",BANGALORE,BLU03392ISCOC,19 May 2027,10,KPME Karnataka Portal,2026-01-19T09:51:05.680884
CHANDRAGIRI MULTISPECIALITY HOSPITAL,Hospital (Level 2),Allopathy,"Savalanga Road, Opp. St. Pauls School, Shimoga.",,SMG00204ALHL2,28 Apr 2027,10,KPME Karnataka Portal,2026-01-19T09:51:05.785665
Aniketan nursing home,Hospital (Level 2),Allopathy,"ANIKETAN NURSING HOME, K K NAGAR, BAGEWADI ROAD, VIJAYAPURA",VIJAYAPURA,BIJ00507ALHL2,03 Aug 2027,10,KPME Karnataka Portal,2026-01-19T09:51:05.886554
GODAVARI BIOREFINERIES LTD,Clinic/Polyclinic with Observation,Allopathy,SAMEERWADI,,BGK00420ALCWO,17 Jun 2027,10,KPME Karnataka Portal,2026-01-19T09:51:05.985985
SRIDURGACLINIC,Clinic/Polyclinic with Dispensary,Ayurveda,SAI MARLA CHIKKU COMPLEX GOLIHOLE CIRCLE BYNDOOR,,UDP00916AYCWD,07 Dec 2027,10,KPME Karnataka Portal,2026-01-19T09:51:06.090185
Chikithsa,Clinic/Polyclinic with Dispensary,Ayurveda,"1-183 A5, Lourdes Complex Kaikamba, P.O Kinnikambla-574151, Mangalore Taluk",MANGALORE,DKA00771AYCWD,31 Mar 2027,10,KPME Karnataka Portal,2026-01-19T09:51:06.164367
LAKSHMI CHILDRENS CLINIC,Clinic/Polyclinic Only Consultation,Allopathy,SHANKAR MUTT ROAD RAGHAVENDRA COLONY MADHUGIRI- 572132 TUMKUR DT,,TMK00464ALCOC,13 Jul 2027,10,KPME Karnataka Portal,2026-01-19T09:51:06.263716
SRI GURU CLINICAL LAB,Medical Diagnostic Laboratory,Allopathy,"Near KSRTC busstand, Opp. Mayur Hotel. Kottur.",,VIJ00074ALMDL,29 Nov 2027,10,KPME Karnataka Portal,2026-01-19T09:51:06.365966
lakshya Geriatric elderly care clinic,Clinic/Polyclinic Only Consultation,Allopathy,"#108/1, Mallya empire, Ground floor, Next to Kumar Medicals, Panchamantra road, Kuvempunagar",,MYS00583ALCOC,01 Jul 2027,10,KPME Karnataka Portal,2026-01-19T09:51:06.472195
BALU HOSPITAL,Hospital (Level 1B),Allopathy,"#1004/7D,OPP PARVATHI TALKIES ROAD, CHANNAPATNA - 562160",,RMG00073ALH1B,04 May 2027,10,KPME Karnataka Portal,2026-01-19T09:51:06.558875
JYOTHI NETHRALAYA,Hospital (Level 2),Allopathy,"OPP ADICHUNCHANAGIRI COLLEGE, MYSORE ROAD",MYSORE,HSN00169ALHL2,06 Jun 2027,10,KPME Karnataka Portal,2026-01-19T09:51:06.605541
MANJREKAR CLINIC BELAGAVI,Clinic/Polyclinic Only Consultation,Allopathy,"BC- 153, BEWOOR ROAD, CAMP, BELAGAVI-590001",BELAGAVI,BLG01041ALCOC,06 Feb 2028,10,KPME Karnataka Portal,2026-01-19T09:51:06.705516
Sharath Eye Hospital,Hospital (Level 1A),Allopathy,"Near prajna school, N.H 206, tangli",,CKM00142ALH1A,16 Jun 2027,10,KPME Karnataka Portal,2026-01-19T09:51:06.784300
Skin Spine Plastic surgery clinic,Clinic/Polyclinic with Observation,Allopathy,"3rd floor, #603 Corner Crest, Kasavanahalli Landmark: opp to SJR verity apartments & next to Reliance trends KPCL Layout, Hosa Rd, Bengaluru, Karnatak",BENGALURU,BLU05101ALCWO,25 Jul 2028,10,KPME Karnataka Portal,2026-01-19T09:51:06.878062
Sudheesh Clinic,Clinic/Polyclinic with Dispensary,Homeopathy,"Ambarkodla Road, Ankola UK",,UKA00100HOCWD,12 Apr 2027,10,KPME Karnataka Portal,2026-01-19T09:51:06.971686
Indira Clinic,Clinic/Polyclinic with Diagnostic Support,Allopathy,"#25/1, 7th Main, 9th Cross Malleswaram, Bangalore - 560003",BANGALORE,BLU03117ALCDS,08 Mar 2027,10,KPME Karnataka Portal,2026-01-19T09:51:07.059300
Janani Clinic,Clinic/Polyclinic with Dispensary,Ayurveda,Near Janani Bunk Yedthady Village and Post 576210,,UDP00640AYCWD,30 Mar 2027,10,KPME Karnataka Portal,2026-01-19T09:51:07.160151
ASHWINI HOSPITAL,Hospital (Level 1A),Allopathy,"HOSAMAJALU,KAWKRADY,NELLYADY",,DKA01096ALH1A,14 Jun 2027,10,KPME Karnataka Portal,2026-01-19T09:51:07.242123
HITECH KIDNEY STONE HOSPITAL,Clinic/Polyclinic with Observation,Allopathy,"#6/7,CRESCENT ROAD CROSS,KUMARA PARK EAST,BEHIND SINDHI HIGH SCHOOL,BANGALORE-560001",BANGALORE,BLU04486ALCWO,06 Apr 2028,10,KPME Karnataka Portal,2026-01-19T09:51:07.338968
Ayushman Ayurvedic Therapy Centre,AYUSH Therapy Centre,Ayurveda,"# No. 603, 5th Main, O.M.B.R. Layout, Kasturi Nagar, Banaswadi (Opp. to Vijaya Bank Near Chaya Super Specialty Hospital)",,BLU03097AYATC,04 Mar 2027,10,KPME Karnataka Portal,2026-01-19T09:51:07.436962
KS Health Care,Clinic/Polyclinic with Diagnostic Support,Allopathy,481/25 40th Cross 10th Main Road 5th Block,,BLU01956ALCDS,24 May 2026,10,KPME Karnataka Portal,2026-01-19T09:51:07.534265
AGASTHYA WELLNESS CENTRE,AYUSH Therapy Centre,Siddha,"# 89, 2nd Floor, Above ICICI Bank, RBI Layout, J P Nagar 7th Phase, Bangalore",BANGALORE,BLU02214SIATC,18 Aug 2026,10,KPME Karnataka Portal,2026-01-19T09:51:07.590233
Prabas Vcare Health Clinic Pvt Ltd,AYUSH Therapy Centre,Ayurveda,"No 494, 4Th Cross U P Royal Commercial Complex Sampige Road, Malleshwaram, Banglore - 560003",,BLU03768AYATC,19 Sep 2027,10,KPME Karnataka Portal,2026-01-19T09:51:07.687968
VELEMEGNA GOOD NEWS SOCIETY EYE HOSPITAL,Hospital (Level 1A),Allopathy,H.NO.5-1-288/89 GOLEKHANA BIDAR,BIDAR,BDR00043ALH1A,04 Jul 2026,10,KPME Karnataka Portal,2026-01-19T09:51:07.764282
CSI HOSPITAL CHICKKABALLAPUR,Hospital (Level 2),Allopathy,CSI Hospital road chickkaballpur town chickkaballapur districk,,CBR00036ALHL2,20 May 2026,10,KPME Karnataka Portal,2026-01-19T09:51:07.847214
YOGANANDA MULTISPECIALITY HOSPITAL,Hospital (Level 1A),Allopathy,"NO 371, M.K. PUTTALINGAIAH ROAD, PADMANABHANAGAR, BANGALORE-560070",BANGALORE,BLU02178ALH1A,10 Aug 2026,10,KPME Karnataka Portal,2026-01-19T09:51:07.940441
PANDOCX HEALTHCARE PRIVATE LIMITED,Hospital (Level 1A),Allopathy,No.58 2nd Main 11th Cross Malagala Nagarbhavi 2nd Stage Bengaluru,BENGALURU,BLU01955ALH1A,24 May 2026,10,KPME Karnataka Portal,2026-01-19T09:51:08.040974
Sushrutha clinic,Clinic/Polyclinic with Dispensary,Allopathy,"68 , Govt hospital road , near MDC",,MAN00162ALCWD,01 Sep 2026,10,KPME Karnataka Portal,2026-01-19T09:51:08.136239
Dr Pujar maternity hospital,Hospital (Level 2),Allopathy,"Near bus stand, behind GLBC, RABKAVI",,BGK00238ALHL2,06 Jan 2027,10,KPME Karnataka Portal,2026-01-19T09:51:08.199396
Sri Basaveshwar Children Hospital,Hospital (Level 2),Allopathy,"rbal Naka , SC colony ILKAL",,BGK00868ALHL2,23 Jul 2029,10,KPME Karnataka Portal,2026-01-19T09:51:08.225471
RAKSHA HOSPITAL A UNIT OF SATASA PVT LTD,Hospital (Level 1A),Allopathy,"No 1, Ittamadu Main Road, AGs Layout, Arehalli",,BLU02042ALH1A,27 Jun 2026,10,KPME Karnataka Portal,2026-01-19T09:51:08.250286
Neha Prakash Hospital,Hospital (Level 2),Allopathy,"#8,6th main, 5th phase Yelahanka new town,Bangalore 560064",BANGALORE,BLU02635ALHL2,23 Nov 2026,10,KPME Karnataka Portal,2026-01-19T09:51:08.278823
KASTURBA HOSPITAL,Hospital (Level 4)(Teaching),Allopathy,MANIPAL,,UDP00198ALHL4,11 Jul 2026,10,KPME Karnataka Portal,2026-01-19T09:51:08.322051
NAYANA SUPER SPECIALITY EYE HOSPITAL & RESEARCH CENTER,Hospital (Level 2),Allopathy,"#296/3A, 3B, STADIUM ROAD, P J EXTENSION, DAVANAGERE",DAVANAGERE,DVG00226ALHL2,11 Oct 2026,10,KPME Karnataka Portal,2026-01-19T09:51:08.410621
Shri Sudhindra Ayurclinic,Clinic/Polyclinic with Dispensary,Ayurveda,"Shri Sudhindra Ayur clinic, opposite to kotalkatte bus stand, Uliyaragoli, Kaup",,UDP00406AYCWD,25 Nov 2026,10,KPME Karnataka Portal,2026-01-19T09:51:08.508468
SRI LAKSHMI CLINIC,Clinic/Polyclinic Only Consultation,Allopathy,"NO.13, 7THMAIN ROAD, BHUVANESHWARINAGAR, HESARGHATTA ROAD, BANGALORE-560057.",BANGALORE,BLU02403ALCOC,24 Sep 2026,10,KPME Karnataka Portal,2026-01-19T09:51:08.581723
Sayyed Clinic and Dispensary,Clinic/Polyclinic with Dispensary,Ayurveda,"#7,Durgamatha road,Old Gandhi Nagar.",,BLG00444AYCWD,01 Oct 2026,10,KPME Karnataka Portal,2026-01-19T09:51:08.649359
SHRI RENUKA DIAGNOSTIC AND SCAN CENTER SAUNDATTI,Diagnostic Imaging Centre,Allopathy,CTS NO 3420/11/12 TMC NO 1542/22/23 SHIVAJI CIRCLE SAUNDATTI,,BLG00454ALDIC,01 Nov 2026,10,KPME Karnataka Portal,2026-01-19T09:51:08.731821
Kids Clinic India Pvt Ltd Cloudnine Fertility Old Airport Road Bengaluru,Clinic/Polyclinic with Dispensary,Allopathy,"No 29/7,Old airport road, Kodihalli Bengaluru 560017",BENGALURU,BLU02431ALCWD,28 Sep 2026,10,KPME Karnataka Portal,2026-01-19T09:51:08.813360
SRI RANGANATHA CLINIC,Clinic/Polyclinic Only Consultation,Allopathy,ZILLA YADAV SOCIETY BUILDING RANGAYYANA BAGILU ROAD NEAR GANAPATHI TEMPLE CHITRADURGA,CHITRADURGA,CTR00137ALCOC,08 Sep 2026,10,KPME Karnataka Portal,2026-01-19T09:51:08.900369
Kavya Diagnostic Laboratory,Diagnostic Imaging Centre,Allopathy,Post Office Road Opp vt school Near Karnataka Bank Srirangapattana,,MAN00170ALDIC,01 Sep 2026,10,KPME Karnataka Portal,2026-01-19T09:51:08.998050
GLOBAL DIAGNOSTICS,Clinic/Polyclinic with Diagnostic Support,Allopathy,N.J LOTUS AVENUE OPP. C.V NAYAK HALL BUNTS HOSTEL MANGALORE 575003,MANGALORE,DKA00603ALCDS,12 Dec 2026,10,KPME Karnataka Portal,2026-01-19T09:51:09.060974
SLN CLINIC,Clinic/Polyclinic Only Consultation,Ayurveda,"SLN CLINIC, BEHIND SUNDAR SHOW ROOM, M G ROAD, CHIKAJAJURU 577523, HOLALKERE TALUK, CHITRADURGA DISTRICT",CHITRADURGA,CTR00138AYCOC,08 Sep 2026,10,KPME Karnataka Portal,2026-01-19T09:51:09.091464
SRI MALASA MATERNITY & NURSING HOME,Hospital (Level 1B),Allopathy,HOUSE NO 316 S R COLONY JAL NAGAR VIJAYAPUR,,BIJ00311ALH1B,20 Nov 2026,10,KPME Karnataka Portal,2026-01-19T09:51:09.117398
2,1,1 2 3 4 5 6 7 8 9 10 ...,3,,5,4,10,KPME Karnataka Portal,2026-01-19T09:51:09.152779
3,2,1,4,,6,5,10,KPME Karnataka Portal,2026-01-19T09:51:09.185883
